hangul_index	euc_kr	character	glyph_index	message_bytes	font_offset
0	0xB0A1	가	0x101	EC 01	0x02020
1	0xB0A2	각	0x102	EC 02	0x02040
2	0xB0A3	간	0x103	EC 03	0x02060
3	0xB0A4	갇	0x104	EC 04	0x02080
4	0xB0A5	갈	0x105	EC 05	0x020A0
5	0xB0A6	갉	0x106	EC 06	0x020C0
6	0xB0A7	갊	0x107	EC 07	0x020E0
7	0xB0A8	감	0x108	EC 08	0x02100
8	0xB0A9	갑	0x109	EC 09	0x02120
9	0xB0AA	값	0x10A	EC 0A	0x02140
10	0xB0AB	갓	0x10B	EC 0B	0x02160
11	0xB0AC	갔	0x10C	EC 0C	0x02180
12	0xB0AD	강	0x10D	EC 0D	0x021A0
13	0xB0AE	갖	0x10E	EC 0E	0x021C0
14	0xB0AF	갗	0x10F	EC 0F	0x021E0
15	0xB0B0	같	0x110	EC 10	0x02200
16	0xB0B1	갚	0x111	EC 11	0x02220
17	0xB0B2	갛	0x112	EC 12	0x02240
18	0xB0B3	개	0x113	EC 13	0x02260
19	0xB0B4	객	0x114	EC 14	0x02280
20	0xB0B5	갠	0x115	EC 15	0x022A0
21	0xB0B6	갤	0x116	EC 16	0x022C0
22	0xB0B7	갬	0x117	EC 17	0x022E0
23	0xB0B8	갭	0x118	EC 18	0x02300
24	0xB0B9	갯	0x119	EC 19	0x02320
25	0xB0BA	갰	0x11A	EC 1A	0x02340
26	0xB0BB	갱	0x11B	EC 1B	0x02360
27	0xB0BC	갸	0x11C	EC 1C	0x02380
28	0xB0BD	갹	0x11D	EC 1D	0x023A0
29	0xB0BE	갼	0x11E	EC 1E	0x023C0
30	0xB0BF	걀	0x11F	EC 1F	0x023E0
31	0xB0C0	걋	0x120	EC 20	0x02400
32	0xB0C1	걍	0x121	EC 21	0x02420
33	0xB0C2	걔	0x122	EC 22	0x02440
34	0xB0C3	걘	0x123	EC 23	0x02460
35	0xB0C4	걜	0x124	EC 24	0x02480
36	0xB0C5	거	0x125	EC 25	0x024A0
37	0xB0C6	걱	0x126	EC 26	0x024C0
38	0xB0C7	건	0x127	EC 27	0x024E0
39	0xB0C8	걷	0x128	EC 28	0x02500
40	0xB0C9	걸	0x129	EC 29	0x02520
41	0xB0CA	걺	0x12A	EC 2A	0x02540
42	0xB0CB	검	0x12B	EC 2B	0x02560
43	0xB0CC	겁	0x12C	EC 2C	0x02580
44	0xB0CD	것	0x12D	EC 2D	0x025A0
45	0xB0CE	겄	0x12E	EC 2E	0x025C0
46	0xB0CF	겅	0x12F	EC 2F	0x025E0
47	0xB0D0	겆	0x130	EC 30	0x02600
48	0xB0D1	겉	0x131	EC 31	0x02620
49	0xB0D2	겊	0x132	EC 32	0x02640
50	0xB0D3	겋	0x133	EC 33	0x02660
51	0xB0D4	게	0x134	EC 34	0x02680
52	0xB0D5	겐	0x135	EC 35	0x026A0
53	0xB0D6	겔	0x136	EC 36	0x026C0
54	0xB0D7	겜	0x137	EC 37	0x026E0
55	0xB0D8	겝	0x138	EC 38	0x02700
56	0xB0D9	겟	0x139	EC 39	0x02720
57	0xB0DA	겠	0x13A	EC 3A	0x02740
58	0xB0DB	겡	0x13B	EC 3B	0x02760
59	0xB0DC	겨	0x13C	EC 3C	0x02780
60	0xB0DD	격	0x13D	EC 3D	0x027A0
61	0xB0DE	겪	0x13E	EC 3E	0x027C0
62	0xB0DF	견	0x13F	EC 3F	0x027E0
63	0xB0E0	겯	0x140	EC 40	0x02800
64	0xB0E1	결	0x141	EC 41	0x02820
65	0xB0E2	겸	0x142	EC 42	0x02840
66	0xB0E3	겹	0x143	EC 43	0x02860
67	0xB0E4	겻	0x144	EC 44	0x02880
68	0xB0E5	겼	0x145	EC 45	0x028A0
69	0xB0E6	경	0x146	EC 46	0x028C0
70	0xB0E7	곁	0x147	EC 47	0x028E0
71	0xB0E8	계	0x148	EC 48	0x02900
72	0xB0E9	곈	0x149	EC 49	0x02920
73	0xB0EA	곌	0x14A	EC 4A	0x02940
74	0xB0EB	곕	0x14B	EC 4B	0x02960
75	0xB0EC	곗	0x14C	EC 4C	0x02980
76	0xB0ED	고	0x14D	EC 4D	0x029A0
77	0xB0EE	곡	0x14E	EC 4E	0x029C0
78	0xB0EF	곤	0x14F	EC 4F	0x029E0
79	0xB0F0	곧	0x150	EC 50	0x02A00
80	0xB0F1	골	0x151	EC 51	0x02A20
81	0xB0F2	곪	0x152	EC 52	0x02A40
82	0xB0F3	곬	0x153	EC 53	0x02A60
83	0xB0F4	곯	0x154	EC 54	0x02A80
84	0xB0F5	곰	0x155	EC 55	0x02AA0
85	0xB0F6	곱	0x156	EC 56	0x02AC0
86	0xB0F7	곳	0x157	EC 57	0x02AE0
87	0xB0F8	공	0x158	EC 58	0x02B00
88	0xB0F9	곶	0x159	EC 59	0x02B20
89	0xB0FA	과	0x15A	EC 5A	0x02B40
90	0xB0FB	곽	0x15B	EC 5B	0x02B60
91	0xB0FC	관	0x15C	EC 5C	0x02B80
92	0xB0FD	괄	0x15D	EC 5D	0x02BA0
93	0xB0FE	괆	0x15E	EC 5E	0x02BC0
94	0xB1A1	괌	0x15F	EC 5F	0x02BE0
95	0xB1A2	괍	0x160	EC 60	0x02C00
96	0xB1A3	괏	0x161	EC 61	0x02C20
97	0xB1A4	광	0x162	EC 62	0x02C40
98	0xB1A5	괘	0x163	EC 63	0x02C60
99	0xB1A6	괜	0x164	EC 64	0x02C80
100	0xB1A7	괠	0x165	EC 65	0x02CA0
101	0xB1A8	괩	0x166	EC 66	0x02CC0
102	0xB1A9	괬	0x167	EC 67	0x02CE0
103	0xB1AA	괭	0x168	EC 68	0x02D00
104	0xB1AB	괴	0x169	EC 69	0x02D20
105	0xB1AC	괵	0x16A	EC 6A	0x02D40
106	0xB1AD	괸	0x16B	EC 6B	0x02D60
107	0xB1AE	괼	0x16C	EC 6C	0x02D80
108	0xB1AF	굄	0x16D	EC 6D	0x02DA0
109	0xB1B0	굅	0x16E	EC 6E	0x02DC0
110	0xB1B1	굇	0x16F	EC 6F	0x02DE0
111	0xB1B2	굉	0x170	EC 70	0x02E00
112	0xB1B3	교	0x171	EC 71	0x02E20
113	0xB1B4	굔	0x172	EC 72	0x02E40
114	0xB1B5	굘	0x173	EC 73	0x02E60
115	0xB1B6	굡	0x174	EC 74	0x02E80
116	0xB1B7	굣	0x175	EC 75	0x02EA0
117	0xB1B8	구	0x176	EC 76	0x02EC0
118	0xB1B9	국	0x177	EC 77	0x02EE0
119	0xB1BA	군	0x178	EC 78	0x02F00
120	0xB1BB	굳	0x179	EC 79	0x02F20
121	0xB1BC	굴	0x17A	EC 7A	0x02F40
122	0xB1BD	굵	0x17B	EC 7B	0x02F60
123	0xB1BE	굶	0x17C	EC 7C	0x02F80
124	0xB1BF	굻	0x17D	EC 7D	0x02FA0
125	0xB1C0	굼	0x17E	EC 7E	0x02FC0
126	0xB1C1	굽	0x17F	EC 7F	0x02FE0
127	0xB1C2	굿	0x180	EC 80	0x03000
128	0xB1C3	궁	0x181	EC 81	0x03020
129	0xB1C4	궂	0x182	EC 82	0x03040
130	0xB1C5	궈	0x183	EC 83	0x03060
131	0xB1C6	궉	0x184	EC 84	0x03080
132	0xB1C7	권	0x185	EC 85	0x030A0
133	0xB1C8	궐	0x186	EC 86	0x030C0
134	0xB1C9	궜	0x187	EC 87	0x030E0
135	0xB1CA	궝	0x188	EC 88	0x03100
136	0xB1CB	궤	0x189	EC 89	0x03120
137	0xB1CC	궷	0x18A	EC 8A	0x03140
138	0xB1CD	귀	0x18B	EC 8B	0x03160
139	0xB1CE	귁	0x18C	EC 8C	0x03180
140	0xB1CF	귄	0x18D	EC 8D	0x031A0
141	0xB1D0	귈	0x18E	EC 8E	0x031C0
142	0xB1D1	귐	0x18F	EC 8F	0x031E0
143	0xB1D2	귑	0x190	EC 90	0x03200
144	0xB1D3	귓	0x191	EC 91	0x03220
145	0xB1D4	규	0x192	EC 92	0x03240
146	0xB1D5	균	0x193	EC 93	0x03260
147	0xB1D6	귤	0x194	EC 94	0x03280
148	0xB1D7	그	0x195	EC 95	0x032A0
149	0xB1D8	극	0x196	EC 96	0x032C0
150	0xB1D9	근	0x197	EC 97	0x032E0
151	0xB1DA	귿	0x198	EC 98	0x03300
152	0xB1DB	글	0x199	EC 99	0x03320
153	0xB1DC	긁	0x19A	EC 9A	0x03340
154	0xB1DD	금	0x19B	EC 9B	0x03360
155	0xB1DE	급	0x19C	EC 9C	0x03380
156	0xB1DF	긋	0x19D	EC 9D	0x033A0
157	0xB1E0	긍	0x19E	EC 9E	0x033C0
158	0xB1E1	긔	0x19F	EC 9F	0x033E0
159	0xB1E2	기	0x1A0	EC A0	0x03400
160	0xB1E3	긱	0x1A1	EC A1	0x03420
161	0xB1E4	긴	0x1A2	EC A2	0x03440
162	0xB1E5	긷	0x1A3	EC A3	0x03460
163	0xB1E6	길	0x1A4	EC A4	0x03480
164	0xB1E7	긺	0x1A5	EC A5	0x034A0
165	0xB1E8	김	0x1A6	EC A6	0x034C0
166	0xB1E9	깁	0x1A7	EC A7	0x034E0
167	0xB1EA	깃	0x1A8	EC A8	0x03500
168	0xB1EB	깅	0x1A9	EC A9	0x03520
169	0xB1EC	깆	0x1AA	EC AA	0x03540
170	0xB1ED	깊	0x1AB	EC AB	0x03560
171	0xB1EE	까	0x1AC	EC AC	0x03580
172	0xB1EF	깍	0x1AD	EC AD	0x035A0
173	0xB1F0	깎	0x1AE	EC AE	0x035C0
174	0xB1F1	깐	0x1AF	EC AF	0x035E0
175	0xB1F2	깔	0x1B0	EC B0	0x03600
176	0xB1F3	깖	0x1B1	EC B1	0x03620
177	0xB1F4	깜	0x1B2	EC B2	0x03640
178	0xB1F5	깝	0x1B3	EC B3	0x03660
179	0xB1F6	깟	0x1B4	EC B4	0x03680
180	0xB1F7	깠	0x1B5	EC B5	0x036A0
181	0xB1F8	깡	0x1B6	EC B6	0x036C0
182	0xB1F9	깥	0x1B7	EC B7	0x036E0
183	0xB1FA	깨	0x1B8	EC B8	0x03700
184	0xB1FB	깩	0x1B9	EC B9	0x03720
185	0xB1FC	깬	0x1BA	EC BA	0x03740
186	0xB1FD	깰	0x1BB	EC BB	0x03760
187	0xB1FE	깸	0x1BC	EC BC	0x03780
188	0xB2A1	깹	0x1BD	EC BD	0x037A0
189	0xB2A2	깻	0x1BE	EC BE	0x037C0
190	0xB2A3	깼	0x1BF	EC BF	0x037E0
191	0xB2A4	깽	0x1C0	EC C0	0x03800
192	0xB2A5	꺄	0x1C1	EC C1	0x03820
193	0xB2A6	꺅	0x1C2	EC C2	0x03840
194	0xB2A7	꺌	0x1C3	EC C3	0x03860
195	0xB2A8	꺼	0x1C4	EC C4	0x03880
196	0xB2A9	꺽	0x1C5	EC C5	0x038A0
197	0xB2AA	꺾	0x1C6	EC C6	0x038C0
198	0xB2AB	껀	0x1C7	EC C7	0x038E0
199	0xB2AC	껄	0x1C8	EC C8	0x03900
200	0xB2AD	껌	0x1C9	EC C9	0x03920
201	0xB2AE	껍	0x1CA	EC CA	0x03940
202	0xB2AF	껏	0x1CB	EC CB	0x03960
203	0xB2B0	껐	0x1CC	EC CC	0x03980
204	0xB2B1	껑	0x1CD	EC CD	0x039A0
205	0xB2B2	께	0x1CE	EC CE	0x039C0
206	0xB2B3	껙	0x1CF	EC CF	0x039E0
207	0xB2B4	껜	0x1D0	EC D0	0x03A00
208	0xB2B5	껨	0x1D1	EC D1	0x03A20
209	0xB2B6	껫	0x1D2	EC D2	0x03A40
210	0xB2B7	껭	0x1D3	EC D3	0x03A60
211	0xB2B8	껴	0x1D4	EC D4	0x03A80
212	0xB2B9	껸	0x1D5	EC D5	0x03AA0
213	0xB2BA	껼	0x1D6	EC D6	0x03AC0
214	0xB2BB	꼇	0x1D7	EC D7	0x03AE0
215	0xB2BC	꼈	0x1D8	EC D8	0x03B00
216	0xB2BD	꼍	0x1D9	EC D9	0x03B20
217	0xB2BE	꼐	0x1DA	EC DA	0x03B40
218	0xB2BF	꼬	0x1DB	EC DB	0x03B60
219	0xB2C0	꼭	0x1DC	EC DC	0x03B80
220	0xB2C1	꼰	0x1DD	EC DD	0x03BA0
221	0xB2C2	꼲	0x1DE	EC DE	0x03BC0
222	0xB2C3	꼴	0x1DF	EC DF	0x03BE0
223	0xB2C4	꼼	0x1E0	EC E0	0x03C00
224	0xB2C5	꼽	0x1E1	EC E1	0x03C20
225	0xB2C6	꼿	0x1E2	EC E2	0x03C40
226	0xB2C7	꽁	0x1E3	EC E3	0x03C60
227	0xB2C8	꽂	0x1E4	EC E4	0x03C80
228	0xB2C9	꽃	0x1E5	EC E5	0x03CA0
229	0xB2CA	꽈	0x1E6	EC E6	0x03CC0
230	0xB2CB	꽉	0x1E7	EC E7	0x03CE0
231	0xB2CC	꽐	0x1E8	EC E8	0x03D00
232	0xB2CD	꽜	0x1E9	EC E9	0x03D20
233	0xB2CE	꽝	0x1EA	EC EA	0x03D40
234	0xB2CF	꽤	0x1EB	EC EB	0x03D60
235	0xB2D0	꽥	0x1EC	EC EC	0x03D80
236	0xB2D1	꽹	0x1ED	EC ED	0x03DA0
237	0xB2D2	꾀	0x1EE	EC EE	0x03DC0
238	0xB2D3	꾄	0x1EF	EC EF	0x03DE0
239	0xB2D4	꾈	0x1F0	EC F0	0x03E00
240	0xB2D5	꾐	0x1F1	EC F1	0x03E20
241	0xB2D6	꾑	0x1F2	EC F2	0x03E40
242	0xB2D7	꾕	0x1F3	EC F3	0x03E60
243	0xB2D8	꾜	0x1F4	EC F4	0x03E80
244	0xB2D9	꾸	0x1F5	EC F5	0x03EA0
245	0xB2DA	꾹	0x1F6	EC F6	0x03EC0
246	0xB2DB	꾼	0x1F7	EC F7	0x03EE0
247	0xB2DC	꿀	0x1F8	EC F8	0x03F00
248	0xB2DD	꿇	0x1F9	EC F9	0x03F20
249	0xB2DE	꿈	0x1FA	EC FA	0x03F40
250	0xB2DF	꿉	0x1FB	EC FB	0x03F60
251	0xB2E0	꿋	0x1FC	EC FC	0x03F80
252	0xB2E1	꿍	0x1FD	EC FD	0x03FA0
253	0xB2E2	꿎	0x1FE	EC FE	0x03FC0
254	0xB2E3	꿔	0x1FF	EC FF	0x03FE0
255	0xB2E4	꿜	0x200	ED 00	0x04000
256	0xB2E5	꿨	0x201	ED 01	0x04020
257	0xB2E6	꿩	0x202	ED 02	0x04040
258	0xB2E7	꿰	0x203	ED 03	0x04060
259	0xB2E8	꿱	0x204	ED 04	0x04080
260	0xB2E9	꿴	0x205	ED 05	0x040A0
261	0xB2EA	꿸	0x206	ED 06	0x040C0
262	0xB2EB	뀀	0x207	ED 07	0x040E0
263	0xB2EC	뀁	0x208	ED 08	0x04100
264	0xB2ED	뀄	0x209	ED 09	0x04120
265	0xB2EE	뀌	0x20A	ED 0A	0x04140
266	0xB2EF	뀐	0x20B	ED 0B	0x04160
267	0xB2F0	뀔	0x20C	ED 0C	0x04180
268	0xB2F1	뀜	0x20D	ED 0D	0x041A0
269	0xB2F2	뀝	0x20E	ED 0E	0x041C0
270	0xB2F3	뀨	0x20F	ED 0F	0x041E0
271	0xB2F4	끄	0x210	ED 10	0x04200
272	0xB2F5	끅	0x211	ED 11	0x04220
273	0xB2F6	끈	0x212	ED 12	0x04240
274	0xB2F7	끊	0x213	ED 13	0x04260
275	0xB2F8	끌	0x214	ED 14	0x04280
276	0xB2F9	끎	0x215	ED 15	0x042A0
277	0xB2FA	끓	0x216	ED 16	0x042C0
278	0xB2FB	끔	0x217	ED 17	0x042E0
279	0xB2FC	끕	0x218	ED 18	0x04300
280	0xB2FD	끗	0x219	ED 19	0x04320
281	0xB2FE	끙	0x21A	ED 1A	0x04340
282	0xB3A1	끝	0x21B	ED 1B	0x04360
283	0xB3A2	끼	0x21C	ED 1C	0x04380
284	0xB3A3	끽	0x21D	ED 1D	0x043A0
285	0xB3A4	낀	0x21E	ED 1E	0x043C0
286	0xB3A5	낄	0x21F	ED 1F	0x043E0
287	0xB3A6	낌	0x220	ED 20	0x04400
288	0xB3A7	낍	0x221	ED 21	0x04420
289	0xB3A8	낏	0x222	ED 22	0x04440
290	0xB3A9	낑	0x223	ED 23	0x04460
291	0xB3AA	나	0x224	ED 24	0x04480
292	0xB3AB	낙	0x225	ED 25	0x044A0
293	0xB3AC	낚	0x226	ED 26	0x044C0
294	0xB3AD	난	0x227	ED 27	0x044E0
295	0xB3AE	낟	0x228	ED 28	0x04500
296	0xB3AF	날	0x229	ED 29	0x04520
297	0xB3B0	낡	0x22A	ED 2A	0x04540
298	0xB3B1	낢	0x22B	ED 2B	0x04560
299	0xB3B2	남	0x22C	ED 2C	0x04580
300	0xB3B3	납	0x22D	ED 2D	0x045A0
301	0xB3B4	낫	0x22E	ED 2E	0x045C0
302	0xB3B5	났	0x22F	ED 2F	0x045E0
303	0xB3B6	낭	0x230	ED 30	0x04600
304	0xB3B7	낮	0x231	ED 31	0x04620
305	0xB3B8	낯	0x232	ED 32	0x04640
306	0xB3B9	낱	0x233	ED 33	0x04660
307	0xB3BA	낳	0x234	ED 34	0x04680
308	0xB3BB	내	0x235	ED 35	0x046A0
309	0xB3BC	낵	0x236	ED 36	0x046C0
310	0xB3BD	낸	0x237	ED 37	0x046E0
311	0xB3BE	낼	0x238	ED 38	0x04700
312	0xB3BF	냄	0x239	ED 39	0x04720
313	0xB3C0	냅	0x23A	ED 3A	0x04740
314	0xB3C1	냇	0x23B	ED 3B	0x04760
315	0xB3C2	냈	0x23C	ED 3C	0x04780
316	0xB3C3	냉	0x23D	ED 3D	0x047A0
317	0xB3C4	냐	0x23E	ED 3E	0x047C0
318	0xB3C5	냑	0x23F	ED 3F	0x047E0
319	0xB3C6	냔	0x240	ED 40	0x04800
320	0xB3C7	냘	0x241	ED 41	0x04820
321	0xB3C8	냠	0x242	ED 42	0x04840
322	0xB3C9	냥	0x243	ED 43	0x04860
323	0xB3CA	너	0x244	ED 44	0x04880
324	0xB3CB	넉	0x245	ED 45	0x048A0
325	0xB3CC	넋	0x246	ED 46	0x048C0
326	0xB3CD	넌	0x247	ED 47	0x048E0
327	0xB3CE	널	0x248	ED 48	0x04900
328	0xB3CF	넒	0x249	ED 49	0x04920
329	0xB3D0	넓	0x24A	ED 4A	0x04940
330	0xB3D1	넘	0x24B	ED 4B	0x04960
331	0xB3D2	넙	0x24C	ED 4C	0x04980
332	0xB3D3	넛	0x24D	ED 4D	0x049A0
333	0xB3D4	넜	0x24E	ED 4E	0x049C0
334	0xB3D5	넝	0x24F	ED 4F	0x049E0
335	0xB3D6	넣	0x250	ED 50	0x04A00
336	0xB3D7	네	0x251	ED 51	0x04A20
337	0xB3D8	넥	0x252	ED 52	0x04A40
338	0xB3D9	넨	0x253	ED 53	0x04A60
339	0xB3DA	넬	0x254	ED 54	0x04A80
340	0xB3DB	넴	0x255	ED 55	0x04AA0
341	0xB3DC	넵	0x256	ED 56	0x04AC0
342	0xB3DD	넷	0x257	ED 57	0x04AE0
343	0xB3DE	넸	0x258	ED 58	0x04B00
344	0xB3DF	넹	0x259	ED 59	0x04B20
345	0xB3E0	녀	0x25A	ED 5A	0x04B40
346	0xB3E1	녁	0x25B	ED 5B	0x04B60
347	0xB3E2	년	0x25C	ED 5C	0x04B80
348	0xB3E3	녈	0x25D	ED 5D	0x04BA0
349	0xB3E4	념	0x25E	ED 5E	0x04BC0
350	0xB3E5	녑	0x25F	ED 5F	0x04BE0
351	0xB3E6	녔	0x260	ED 60	0x04C00
352	0xB3E7	녕	0x261	ED 61	0x04C20
353	0xB3E8	녘	0x262	ED 62	0x04C40
354	0xB3E9	녜	0x263	ED 63	0x04C60
355	0xB3EA	녠	0x264	ED 64	0x04C80
356	0xB3EB	노	0x265	ED 65	0x04CA0
357	0xB3EC	녹	0x266	ED 66	0x04CC0
358	0xB3ED	논	0x267	ED 67	0x04CE0
359	0xB3EE	놀	0x268	ED 68	0x04D00
360	0xB3EF	놂	0x269	ED 69	0x04D20
361	0xB3F0	놈	0x26A	ED 6A	0x04D40
362	0xB3F1	놉	0x26B	ED 6B	0x04D60
363	0xB3F2	놋	0x26C	ED 6C	0x04D80
364	0xB3F3	농	0x26D	ED 6D	0x04DA0
365	0xB3F4	높	0x26E	ED 6E	0x04DC0
366	0xB3F5	놓	0x26F	ED 6F	0x04DE0
367	0xB3F6	놔	0x270	ED 70	0x04E00
368	0xB3F7	놘	0x271	ED 71	0x04E20
369	0xB3F8	놜	0x272	ED 72	0x04E40
370	0xB3F9	놨	0x273	ED 73	0x04E60
371	0xB3FA	뇌	0x274	ED 74	0x04E80
372	0xB3FB	뇐	0x275	ED 75	0x04EA0
373	0xB3FC	뇔	0x276	ED 76	0x04EC0
374	0xB3FD	뇜	0x277	ED 77	0x04EE0
375	0xB3FE	뇝	0x278	ED 78	0x04F00
376	0xB4A1	뇟	0x279	ED 79	0x04F20
377	0xB4A2	뇨	0x27A	ED 7A	0x04F40
378	0xB4A3	뇩	0x27B	ED 7B	0x04F60
379	0xB4A4	뇬	0x27C	ED 7C	0x04F80
380	0xB4A5	뇰	0x27D	ED 7D	0x04FA0
381	0xB4A6	뇹	0x27E	ED 7E	0x04FC0
382	0xB4A7	뇻	0x27F	ED 7F	0x04FE0
383	0xB4A8	뇽	0x280	ED 80	0x05000
384	0xB4A9	누	0x281	ED 81	0x05020
385	0xB4AA	눅	0x282	ED 82	0x05040
386	0xB4AB	눈	0x283	ED 83	0x05060
387	0xB4AC	눋	0x284	ED 84	0x05080
388	0xB4AD	눌	0x285	ED 85	0x050A0
389	0xB4AE	눔	0x286	ED 86	0x050C0
390	0xB4AF	눕	0x287	ED 87	0x050E0
391	0xB4B0	눗	0x288	ED 88	0x05100
392	0xB4B1	눙	0x289	ED 89	0x05120
393	0xB4B2	눠	0x28A	ED 8A	0x05140
394	0xB4B3	눴	0x28B	ED 8B	0x05160
395	0xB4B4	눼	0x28C	ED 8C	0x05180
396	0xB4B5	뉘	0x28D	ED 8D	0x051A0
397	0xB4B6	뉜	0x28E	ED 8E	0x051C0
398	0xB4B7	뉠	0x28F	ED 8F	0x051E0
399	0xB4B8	뉨	0x290	ED 90	0x05200
400	0xB4B9	뉩	0x291	ED 91	0x05220
401	0xB4BA	뉴	0x292	ED 92	0x05240
402	0xB4BB	뉵	0x293	ED 93	0x05260
403	0xB4BC	뉼	0x294	ED 94	0x05280
404	0xB4BD	늄	0x295	ED 95	0x052A0
405	0xB4BE	늅	0x296	ED 96	0x052C0
406	0xB4BF	늉	0x297	ED 97	0x052E0
407	0xB4C0	느	0x298	ED 98	0x05300
408	0xB4C1	늑	0x299	ED 99	0x05320
409	0xB4C2	는	0x29A	ED 9A	0x05340
410	0xB4C3	늘	0x29B	ED 9B	0x05360
411	0xB4C4	늙	0x29C	ED 9C	0x05380
412	0xB4C5	늚	0x29D	ED 9D	0x053A0
413	0xB4C6	늠	0x29E	ED 9E	0x053C0
414	0xB4C7	늡	0x29F	ED 9F	0x053E0
415	0xB4C8	늣	0x2A0	ED A0	0x05400
416	0xB4C9	능	0x2A1	ED A1	0x05420
417	0xB4CA	늦	0x2A2	ED A2	0x05440
418	0xB4CB	늪	0x2A3	ED A3	0x05460
419	0xB4CC	늬	0x2A4	ED A4	0x05480
420	0xB4CD	늰	0x2A5	ED A5	0x054A0
421	0xB4CE	늴	0x2A6	ED A6	0x054C0
422	0xB4CF	니	0x2A7	ED A7	0x054E0
423	0xB4D0	닉	0x2A8	ED A8	0x05500
424	0xB4D1	닌	0x2A9	ED A9	0x05520
425	0xB4D2	닐	0x2AA	ED AA	0x05540
426	0xB4D3	닒	0x2AB	ED AB	0x05560
427	0xB4D4	님	0x2AC	ED AC	0x05580
428	0xB4D5	닙	0x2AD	ED AD	0x055A0
429	0xB4D6	닛	0x2AE	ED AE	0x055C0
430	0xB4D7	닝	0x2AF	ED AF	0x055E0
431	0xB4D8	닢	0x2B0	ED B0	0x05600
432	0xB4D9	다	0x2B1	ED B1	0x05620
433	0xB4DA	닥	0x2B2	ED B2	0x05640
434	0xB4DB	닦	0x2B3	ED B3	0x05660
435	0xB4DC	단	0x2B4	ED B4	0x05680
436	0xB4DD	닫	0x2B5	ED B5	0x056A0
437	0xB4DE	달	0x2B6	ED B6	0x056C0
438	0xB4DF	닭	0x2B7	ED B7	0x056E0
439	0xB4E0	닮	0x2B8	ED B8	0x05700
440	0xB4E1	닯	0x2B9	ED B9	0x05720
441	0xB4E2	닳	0x2BA	ED BA	0x05740
442	0xB4E3	담	0x2BB	ED BB	0x05760
443	0xB4E4	답	0x2BC	ED BC	0x05780
444	0xB4E5	닷	0x2BD	ED BD	0x057A0
445	0xB4E6	닸	0x2BE	ED BE	0x057C0
446	0xB4E7	당	0x2BF	ED BF	0x057E0
447	0xB4E8	닺	0x2C0	ED C0	0x05800
448	0xB4E9	닻	0x2C1	ED C1	0x05820
449	0xB4EA	닿	0x2C2	ED C2	0x05840
450	0xB4EB	대	0x2C3	ED C3	0x05860
451	0xB4EC	댁	0x2C4	ED C4	0x05880
452	0xB4ED	댄	0x2C5	ED C5	0x058A0
453	0xB4EE	댈	0x2C6	ED C6	0x058C0
454	0xB4EF	댐	0x2C7	ED C7	0x058E0
455	0xB4F0	댑	0x2C8	ED C8	0x05900
456	0xB4F1	댓	0x2C9	ED C9	0x05920
457	0xB4F2	댔	0x2CA	ED CA	0x05940
458	0xB4F3	댕	0x2CB	ED CB	0x05960
459	0xB4F4	댜	0x2CC	ED CC	0x05980
460	0xB4F5	더	0x2CD	ED CD	0x059A0
461	0xB4F6	덕	0x2CE	ED CE	0x059C0
462	0xB4F7	덖	0x2CF	ED CF	0x059E0
463	0xB4F8	던	0x2D0	ED D0	0x05A00
464	0xB4F9	덛	0x2D1	ED D1	0x05A20
465	0xB4FA	덜	0x2D2	ED D2	0x05A40
466	0xB4FB	덞	0x2D3	ED D3	0x05A60
467	0xB4FC	덟	0x2D4	ED D4	0x05A80
468	0xB4FD	덤	0x2D5	ED D5	0x05AA0
469	0xB4FE	덥	0x2D6	ED D6	0x05AC0
470	0xB5A1	덧	0x2D7	ED D7	0x05AE0
471	0xB5A2	덩	0x2D8	ED D8	0x05B00
472	0xB5A3	덫	0x2D9	ED D9	0x05B20
473	0xB5A4	덮	0x2DA	ED DA	0x05B40
474	0xB5A5	데	0x2DB	ED DB	0x05B60
475	0xB5A6	덱	0x2DC	ED DC	0x05B80
476	0xB5A7	덴	0x2DD	ED DD	0x05BA0
477	0xB5A8	델	0x2DE	ED DE	0x05BC0
478	0xB5A9	뎀	0x2DF	ED DF	0x05BE0
479	0xB5AA	뎁	0x2E0	ED E0	0x05C00
480	0xB5AB	뎃	0x2E1	ED E1	0x05C20
481	0xB5AC	뎄	0x2E2	ED E2	0x05C40
482	0xB5AD	뎅	0x2E3	ED E3	0x05C60
483	0xB5AE	뎌	0x2E4	ED E4	0x05C80
484	0xB5AF	뎐	0x2E5	ED E5	0x05CA0
485	0xB5B0	뎔	0x2E6	ED E6	0x05CC0
486	0xB5B1	뎠	0x2E7	ED E7	0x05CE0
487	0xB5B2	뎡	0x2E8	ED E8	0x05D00
488	0xB5B3	뎨	0x2E9	ED E9	0x05D20
489	0xB5B4	뎬	0x2EA	ED EA	0x05D40
490	0xB5B5	도	0x2EB	ED EB	0x05D60
491	0xB5B6	독	0x2EC	ED EC	0x05D80
492	0xB5B7	돈	0x2ED	ED ED	0x05DA0
493	0xB5B8	돋	0x2EE	ED EE	0x05DC0
494	0xB5B9	돌	0x2EF	ED EF	0x05DE0
495	0xB5BA	돎	0x2F0	ED F0	0x05E00
496	0xB5BB	돐	0x2F1	ED F1	0x05E20
497	0xB5BC	돔	0x2F2	ED F2	0x05E40
498	0xB5BD	돕	0x2F3	ED F3	0x05E60
499	0xB5BE	돗	0x2F4	ED F4	0x05E80
500	0xB5BF	동	0x2F5	ED F5	0x05EA0
501	0xB5C0	돛	0x2F6	ED F6	0x05EC0
502	0xB5C1	돝	0x2F7	ED F7	0x05EE0
503	0xB5C2	돠	0x2F8	ED F8	0x05F00
504	0xB5C3	돤	0x2F9	ED F9	0x05F20
505	0xB5C4	돨	0x2FA	ED FA	0x05F40
506	0xB5C5	돼	0x2FB	ED FB	0x05F60
507	0xB5C6	됐	0x2FC	ED FC	0x05F80
508	0xB5C7	되	0x2FD	ED FD	0x05FA0
509	0xB5C8	된	0x2FE	ED FE	0x05FC0
510	0xB5C9	될	0x2FF	ED FF	0x05FE0
511	0xB5CA	됨	0x300	EE 00	0x06000
512	0xB5CB	됩	0x301	EE 01	0x06020
513	0xB5CC	됫	0x302	EE 02	0x06040
514	0xB5CD	됴	0x303	EE 03	0x06060
515	0xB5CE	두	0x304	EE 04	0x06080
516	0xB5CF	둑	0x305	EE 05	0x060A0
517	0xB5D0	둔	0x306	EE 06	0x060C0
518	0xB5D1	둘	0x307	EE 07	0x060E0
519	0xB5D2	둠	0x308	EE 08	0x06100
520	0xB5D3	둡	0x309	EE 09	0x06120
521	0xB5D4	둣	0x30A	EE 0A	0x06140
522	0xB5D5	둥	0x30B	EE 0B	0x06160
523	0xB5D6	둬	0x30C	EE 0C	0x06180
524	0xB5D7	뒀	0x30D	EE 0D	0x061A0
525	0xB5D8	뒈	0x30E	EE 0E	0x061C0
526	0xB5D9	뒝	0x30F	EE 0F	0x061E0
527	0xB5DA	뒤	0x310	EE 10	0x06200
528	0xB5DB	뒨	0x311	EE 11	0x06220
529	0xB5DC	뒬	0x312	EE 12	0x06240
530	0xB5DD	뒵	0x313	EE 13	0x06260
531	0xB5DE	뒷	0x314	EE 14	0x06280
532	0xB5DF	뒹	0x315	EE 15	0x062A0
533	0xB5E0	듀	0x316	EE 16	0x062C0
534	0xB5E1	듄	0x317	EE 17	0x062E0
535	0xB5E2	듈	0x318	EE 18	0x06300
536	0xB5E3	듐	0x319	EE 19	0x06320
537	0xB5E4	듕	0x31A	EE 1A	0x06340
538	0xB5E5	드	0x31B	EE 1B	0x06360
539	0xB5E6	득	0x31C	EE 1C	0x06380
540	0xB5E7	든	0x31D	EE 1D	0x063A0
541	0xB5E8	듣	0x31E	EE 1E	0x063C0
542	0xB5E9	들	0x31F	EE 1F	0x063E0
543	0xB5EA	듦	0x320	EE 20	0x06400
544	0xB5EB	듬	0x321	EE 21	0x06420
545	0xB5EC	듭	0x322	EE 22	0x06440
546	0xB5ED	듯	0x323	EE 23	0x06460
547	0xB5EE	등	0x324	EE 24	0x06480
548	0xB5EF	듸	0x325	EE 25	0x064A0
549	0xB5F0	디	0x326	EE 26	0x064C0
550	0xB5F1	딕	0x327	EE 27	0x064E0
551	0xB5F2	딘	0x328	EE 28	0x06500
552	0xB5F3	딛	0x329	EE 29	0x06520
553	0xB5F4	딜	0x32A	EE 2A	0x06540
554	0xB5F5	딤	0x32B	EE 2B	0x06560
555	0xB5F6	딥	0x32C	EE 2C	0x06580
556	0xB5F7	딧	0x32D	EE 2D	0x065A0
557	0xB5F8	딨	0x32E	EE 2E	0x065C0
558	0xB5F9	딩	0x32F	EE 2F	0x065E0
559	0xB5FA	딪	0x330	EE 30	0x06600
560	0xB5FB	따	0x331	EE 31	0x06620
561	0xB5FC	딱	0x332	EE 32	0x06640
562	0xB5FD	딴	0x333	EE 33	0x06660
563	0xB5FE	딸	0x334	EE 34	0x06680
564	0xB6A1	땀	0x335	EE 35	0x066A0
565	0xB6A2	땁	0x336	EE 36	0x066C0
566	0xB6A3	땃	0x337	EE 37	0x066E0
567	0xB6A4	땄	0x338	EE 38	0x06700
568	0xB6A5	땅	0x339	EE 39	0x06720
569	0xB6A6	땋	0x33A	EE 3A	0x06740
570	0xB6A7	때	0x33B	EE 3B	0x06760
571	0xB6A8	땍	0x33C	EE 3C	0x06780
572	0xB6A9	땐	0x33D	EE 3D	0x067A0
573	0xB6AA	땔	0x33E	EE 3E	0x067C0
574	0xB6AB	땜	0x33F	EE 3F	0x067E0
575	0xB6AC	땝	0x340	EE 40	0x06800
576	0xB6AD	땟	0x341	EE 41	0x06820
577	0xB6AE	땠	0x342	EE 42	0x06840
578	0xB6AF	땡	0x343	EE 43	0x06860
579	0xB6B0	떠	0x344	EE 44	0x06880
580	0xB6B1	떡	0x345	EE 45	0x068A0
581	0xB6B2	떤	0x346	EE 46	0x068C0
582	0xB6B3	떨	0x347	EE 47	0x068E0
583	0xB6B4	떪	0x348	EE 48	0x06900
584	0xB6B5	떫	0x349	EE 49	0x06920
585	0xB6B6	떰	0x34A	EE 4A	0x06940
586	0xB6B7	떱	0x34B	EE 4B	0x06960
587	0xB6B8	떳	0x34C	EE 4C	0x06980
588	0xB6B9	떴	0x34D	EE 4D	0x069A0
589	0xB6BA	떵	0x34E	EE 4E	0x069C0
590	0xB6BB	떻	0x34F	EE 4F	0x069E0
591	0xB6BC	떼	0x350	EE 50	0x06A00
592	0xB6BD	떽	0x351	EE 51	0x06A20
593	0xB6BE	뗀	0x352	EE 52	0x06A40
594	0xB6BF	뗄	0x353	EE 53	0x06A60
595	0xB6C0	뗌	0x354	EE 54	0x06A80
596	0xB6C1	뗍	0x355	EE 55	0x06AA0
597	0xB6C2	뗏	0x356	EE 56	0x06AC0
598	0xB6C3	뗐	0x357	EE 57	0x06AE0
599	0xB6C4	뗑	0x358	EE 58	0x06B00
600	0xB6C5	뗘	0x359	EE 59	0x06B20
601	0xB6C6	뗬	0x35A	EE 5A	0x06B40
602	0xB6C7	또	0x35B	EE 5B	0x06B60
603	0xB6C8	똑	0x35C	EE 5C	0x06B80
604	0xB6C9	똔	0x35D	EE 5D	0x06BA0
605	0xB6CA	똘	0x35E	EE 5E	0x06BC0
606	0xB6CB	똥	0x35F	EE 5F	0x06BE0
607	0xB6CC	똬	0x360	EE 60	0x06C00
608	0xB6CD	똴	0x361	EE 61	0x06C20
609	0xB6CE	뙈	0x362	EE 62	0x06C40
610	0xB6CF	뙤	0x363	EE 63	0x06C60
611	0xB6D0	뙨	0x364	EE 64	0x06C80
612	0xB6D1	뚜	0x365	EE 65	0x06CA0
613	0xB6D2	뚝	0x366	EE 66	0x06CC0
614	0xB6D3	뚠	0x367	EE 67	0x06CE0
615	0xB6D4	뚤	0x368	EE 68	0x06D00
616	0xB6D5	뚫	0x369	EE 69	0x06D20
617	0xB6D6	뚬	0x36A	EE 6A	0x06D40
618	0xB6D7	뚱	0x36B	EE 6B	0x06D60
619	0xB6D8	뛔	0x36C	EE 6C	0x06D80
620	0xB6D9	뛰	0x36D	EE 6D	0x06DA0
621	0xB6DA	뛴	0x36E	EE 6E	0x06DC0
622	0xB6DB	뛸	0x36F	EE 6F	0x06DE0
623	0xB6DC	뜀	0x370	EE 70	0x06E00
624	0xB6DD	뜁	0x371	EE 71	0x06E20
625	0xB6DE	뜅	0x372	EE 72	0x06E40
626	0xB6DF	뜨	0x373	EE 73	0x06E60
627	0xB6E0	뜩	0x374	EE 74	0x06E80
628	0xB6E1	뜬	0x375	EE 75	0x06EA0
629	0xB6E2	뜯	0x376	EE 76	0x06EC0
630	0xB6E3	뜰	0x377	EE 77	0x06EE0
631	0xB6E4	뜸	0x378	EE 78	0x06F00
632	0xB6E5	뜹	0x379	EE 79	0x06F20
633	0xB6E6	뜻	0x37A	EE 7A	0x06F40
634	0xB6E7	띄	0x37B	EE 7B	0x06F60
635	0xB6E8	띈	0x37C	EE 7C	0x06F80
636	0xB6E9	띌	0x37D	EE 7D	0x06FA0
637	0xB6EA	띔	0x37E	EE 7E	0x06FC0
638	0xB6EB	띕	0x37F	EE 7F	0x06FE0
639	0xB6EC	띠	0x380	EE 80	0x07000
640	0xB6ED	띤	0x381	EE 81	0x07020
641	0xB6EE	띨	0x382	EE 82	0x07040
642	0xB6EF	띰	0x383	EE 83	0x07060
643	0xB6F0	띱	0x384	EE 84	0x07080
644	0xB6F1	띳	0x385	EE 85	0x070A0
645	0xB6F2	띵	0x386	EE 86	0x070C0
646	0xB6F3	라	0x387	EE 87	0x070E0
647	0xB6F4	락	0x388	EE 88	0x07100
648	0xB6F5	란	0x389	EE 89	0x07120
649	0xB6F6	랄	0x38A	EE 8A	0x07140
650	0xB6F7	람	0x38B	EE 8B	0x07160
651	0xB6F8	랍	0x38C	EE 8C	0x07180
652	0xB6F9	랏	0x38D	EE 8D	0x071A0
653	0xB6FA	랐	0x38E	EE 8E	0x071C0
654	0xB6FB	랑	0x38F	EE 8F	0x071E0
655	0xB6FC	랒	0x390	EE 90	0x07200
656	0xB6FD	랖	0x391	EE 91	0x07220
657	0xB6FE	랗	0x392	EE 92	0x07240
658	0xB7A1	래	0x393	EE 93	0x07260
659	0xB7A2	랙	0x394	EE 94	0x07280
660	0xB7A3	랜	0x395	EE 95	0x072A0
661	0xB7A4	랠	0x396	EE 96	0x072C0
662	0xB7A5	램	0x397	EE 97	0x072E0
663	0xB7A6	랩	0x398	EE 98	0x07300
664	0xB7A7	랫	0x399	EE 99	0x07320
665	0xB7A8	랬	0x39A	EE 9A	0x07340
666	0xB7A9	랭	0x39B	EE 9B	0x07360
667	0xB7AA	랴	0x39C	EE 9C	0x07380
668	0xB7AB	략	0x39D	EE 9D	0x073A0
669	0xB7AC	랸	0x39E	EE 9E	0x073C0
670	0xB7AD	럇	0x39F	EE 9F	0x073E0
671	0xB7AE	량	0x3A0	EE A0	0x07400
672	0xB7AF	러	0x3A1	EE A1	0x07420
673	0xB7B0	럭	0x3A2	EE A2	0x07440
674	0xB7B1	런	0x3A3	EE A3	0x07460
675	0xB7B2	럴	0x3A4	EE A4	0x07480
676	0xB7B3	럼	0x3A5	EE A5	0x074A0
677	0xB7B4	럽	0x3A6	EE A6	0x074C0
678	0xB7B5	럿	0x3A7	EE A7	0x074E0
679	0xB7B6	렀	0x3A8	EE A8	0x07500
680	0xB7B7	렁	0x3A9	EE A9	0x07520
681	0xB7B8	렇	0x3AA	EE AA	0x07540
682	0xB7B9	레	0x3AB	EE AB	0x07560
683	0xB7BA	렉	0x3AC	EE AC	0x07580
684	0xB7BB	렌	0x3AD	EE AD	0x075A0
685	0xB7BC	렐	0x3AE	EE AE	0x075C0
686	0xB7BD	렘	0x3AF	EE AF	0x075E0
687	0xB7BE	렙	0x3B0	EE B0	0x07600
688	0xB7BF	렛	0x3B1	EE B1	0x07620
689	0xB7C0	렝	0x3B2	EE B2	0x07640
690	0xB7C1	려	0x3B3	EE B3	0x07660
691	0xB7C2	력	0x3B4	EE B4	0x07680
692	0xB7C3	련	0x3B5	EE B5	0x076A0
693	0xB7C4	렬	0x3B6	EE B6	0x076C0
694	0xB7C5	렴	0x3B7	EE B7	0x076E0
695	0xB7C6	렵	0x3B8	EE B8	0x07700
696	0xB7C7	렷	0x3B9	EE B9	0x07720
697	0xB7C8	렸	0x3BA	EE BA	0x07740
698	0xB7C9	령	0x3BB	EE BB	0x07760
699	0xB7CA	례	0x3BC	EE BC	0x07780
700	0xB7CB	롄	0x3BD	EE BD	0x077A0
701	0xB7CC	롑	0x3BE	EE BE	0x077C0
702	0xB7CD	롓	0x3BF	EE BF	0x077E0
703	0xB7CE	로	0x3C0	EE C0	0x07800
704	0xB7CF	록	0x3C1	EE C1	0x07820
705	0xB7D0	론	0x3C2	EE C2	0x07840
706	0xB7D1	롤	0x3C3	EE C3	0x07860
707	0xB7D2	롬	0x3C4	EE C4	0x07880
708	0xB7D3	롭	0x3C5	EE C5	0x078A0
709	0xB7D4	롯	0x3C6	EE C6	0x078C0
710	0xB7D5	롱	0x3C7	EE C7	0x078E0
711	0xB7D6	롸	0x3C8	EE C8	0x07900
712	0xB7D7	롼	0x3C9	EE C9	0x07920
713	0xB7D8	뢍	0x3CA	EE CA	0x07940
714	0xB7D9	뢨	0x3CB	EE CB	0x07960
715	0xB7DA	뢰	0x3CC	EE CC	0x07980
716	0xB7DB	뢴	0x3CD	EE CD	0x079A0
717	0xB7DC	뢸	0x3CE	EE CE	0x079C0
718	0xB7DD	룀	0x3CF	EE CF	0x079E0
719	0xB7DE	룁	0x3D0	EE D0	0x07A00
720	0xB7DF	룃	0x3D1	EE D1	0x07A20
721	0xB7E0	룅	0x3D2	EE D2	0x07A40
722	0xB7E1	료	0x3D3	EE D3	0x07A60
723	0xB7E2	룐	0x3D4	EE D4	0x07A80
724	0xB7E3	룔	0x3D5	EE D5	0x07AA0
725	0xB7E4	룝	0x3D6	EE D6	0x07AC0
726	0xB7E5	룟	0x3D7	EE D7	0x07AE0
727	0xB7E6	룡	0x3D8	EE D8	0x07B00
728	0xB7E7	루	0x3D9	EE D9	0x07B20
729	0xB7E8	룩	0x3DA	EE DA	0x07B40
730	0xB7E9	룬	0x3DB	EE DB	0x07B60
731	0xB7EA	룰	0x3DC	EE DC	0x07B80
732	0xB7EB	룸	0x3DD	EE DD	0x07BA0
733	0xB7EC	룹	0x3DE	EE DE	0x07BC0
734	0xB7ED	룻	0x3DF	EE DF	0x07BE0
735	0xB7EE	룽	0x3E0	EE E0	0x07C00
736	0xB7EF	뤄	0x3E1	EE E1	0x07C20
737	0xB7F0	뤘	0x3E2	EE E2	0x07C40
738	0xB7F1	뤠	0x3E3	EE E3	0x07C60
739	0xB7F2	뤼	0x3E4	EE E4	0x07C80
740	0xB7F3	뤽	0x3E5	EE E5	0x07CA0
741	0xB7F4	륀	0x3E6	EE E6	0x07CC0
742	0xB7F5	륄	0x3E7	EE E7	0x07CE0
743	0xB7F6	륌	0x3E8	EE E8	0x07D00
744	0xB7F7	륏	0x3E9	EE E9	0x07D20
745	0xB7F8	륑	0x3EA	EE EA	0x07D40
746	0xB7F9	류	0x3EB	EE EB	0x07D60
747	0xB7FA	륙	0x3EC	EE EC	0x07D80
748	0xB7FB	륜	0x3ED	EE ED	0x07DA0
749	0xB7FC	률	0x3EE	EE EE	0x07DC0
750	0xB7FD	륨	0x3EF	EE EF	0x07DE0
751	0xB7FE	륩	0x3F0	EE F0	0x07E00
752	0xB8A1	륫	0x3F1	EE F1	0x07E20
753	0xB8A2	륭	0x3F2	EE F2	0x07E40
754	0xB8A3	르	0x3F3	EE F3	0x07E60
755	0xB8A4	륵	0x3F4	EE F4	0x07E80
756	0xB8A5	른	0x3F5	EE F5	0x07EA0
757	0xB8A6	를	0x3F6	EE F6	0x07EC0
758	0xB8A7	름	0x3F7	EE F7	0x07EE0
759	0xB8A8	릅	0x3F8	EE F8	0x07F00
760	0xB8A9	릇	0x3F9	EE F9	0x07F20
761	0xB8AA	릉	0x3FA	EE FA	0x07F40
762	0xB8AB	릊	0x3FB	EE FB	0x07F60
763	0xB8AC	릍	0x3FC	EE FC	0x07F80
764	0xB8AD	릎	0x3FD	EE FD	0x07FA0
765	0xB8AE	리	0x3FE	EE FE	0x07FC0
766	0xB8AF	릭	0x3FF	EE FF	0x07FE0
767	0xB8B0	린	0x400	EF 00	0x08000
768	0xB8B1	릴	0x401	EF 01	0x08020
769	0xB8B2	림	0x402	EF 02	0x08040
770	0xB8B3	립	0x403	EF 03	0x08060
771	0xB8B4	릿	0x404	EF 04	0x08080
772	0xB8B5	링	0x405	EF 05	0x080A0
773	0xB8B6	마	0x406	EF 06	0x080C0
774	0xB8B7	막	0x407	EF 07	0x080E0
775	0xB8B8	만	0x408	EF 08	0x08100
776	0xB8B9	많	0x409	EF 09	0x08120
777	0xB8BA	맏	0x40A	EF 0A	0x08140
778	0xB8BB	말	0x40B	EF 0B	0x08160
779	0xB8BC	맑	0x40C	EF 0C	0x08180
780	0xB8BD	맒	0x40D	EF 0D	0x081A0
781	0xB8BE	맘	0x40E	EF 0E	0x081C0
782	0xB8BF	맙	0x40F	EF 0F	0x081E0
783	0xB8C0	맛	0x410	EF 10	0x08200
784	0xB8C1	망	0x411	EF 11	0x08220
785	0xB8C2	맞	0x412	EF 12	0x08240
786	0xB8C3	맡	0x413	EF 13	0x08260
787	0xB8C4	맣	0x414	EF 14	0x08280
788	0xB8C5	매	0x415	EF 15	0x082A0
789	0xB8C6	맥	0x416	EF 16	0x082C0
790	0xB8C7	맨	0x417	EF 17	0x082E0
791	0xB8C8	맬	0x418	EF 18	0x08300
792	0xB8C9	맴	0x419	EF 19	0x08320
793	0xB8CA	맵	0x41A	EF 1A	0x08340
794	0xB8CB	맷	0x41B	EF 1B	0x08360
795	0xB8CC	맸	0x41C	EF 1C	0x08380
796	0xB8CD	맹	0x41D	EF 1D	0x083A0
797	0xB8CE	맺	0x41E	EF 1E	0x083C0
798	0xB8CF	먀	0x41F	EF 1F	0x083E0
799	0xB8D0	먁	0x420	EF 20	0x08400
800	0xB8D1	먈	0x421	EF 21	0x08420
801	0xB8D2	먕	0x422	EF 22	0x08440
802	0xB8D3	머	0x423	EF 23	0x08460
803	0xB8D4	먹	0x424	EF 24	0x08480
804	0xB8D5	먼	0x425	EF 25	0x084A0
805	0xB8D6	멀	0x426	EF 26	0x084C0
806	0xB8D7	멂	0x427	EF 27	0x084E0
807	0xB8D8	멈	0x428	EF 28	0x08500
808	0xB8D9	멉	0x429	EF 29	0x08520
809	0xB8DA	멋	0x42A	EF 2A	0x08540
810	0xB8DB	멍	0x42B	EF 2B	0x08560
811	0xB8DC	멎	0x42C	EF 2C	0x08580
812	0xB8DD	멓	0x42D	EF 2D	0x085A0
813	0xB8DE	메	0x42E	EF 2E	0x085C0
814	0xB8DF	멕	0x42F	EF 2F	0x085E0
815	0xB8E0	멘	0x430	EF 30	0x08600
816	0xB8E1	멜	0x431	EF 31	0x08620
817	0xB8E2	멤	0x432	EF 32	0x08640
818	0xB8E3	멥	0x433	EF 33	0x08660
819	0xB8E4	멧	0x434	EF 34	0x08680
820	0xB8E5	멨	0x435	EF 35	0x086A0
821	0xB8E6	멩	0x436	EF 36	0x086C0
822	0xB8E7	며	0x437	EF 37	0x086E0
823	0xB8E8	멱	0x438	EF 38	0x08700
824	0xB8E9	면	0x439	EF 39	0x08720
825	0xB8EA	멸	0x43A	EF 3A	0x08740
826	0xB8EB	몃	0x43B	EF 3B	0x08760
827	0xB8EC	몄	0x43C	EF 3C	0x08780
828	0xB8ED	명	0x43D	EF 3D	0x087A0
829	0xB8EE	몇	0x43E	EF 3E	0x087C0
830	0xB8EF	몌	0x43F	EF 3F	0x087E0
831	0xB8F0	모	0x440	EF 40	0x08800
832	0xB8F1	목	0x441	EF 41	0x08820
833	0xB8F2	몫	0x442	EF 42	0x08840
834	0xB8F3	몬	0x443	EF 43	0x08860
835	0xB8F4	몰	0x444	EF 44	0x08880
836	0xB8F5	몲	0x445	EF 45	0x088A0
837	0xB8F6	몸	0x446	EF 46	0x088C0
838	0xB8F7	몹	0x447	EF 47	0x088E0
839	0xB8F8	못	0x448	EF 48	0x08900
840	0xB8F9	몽	0x449	EF 49	0x08920
841	0xB8FA	뫄	0x44A	EF 4A	0x08940
842	0xB8FB	뫈	0x44B	EF 4B	0x08960
843	0xB8FC	뫘	0x44C	EF 4C	0x08980
844	0xB8FD	뫙	0x44D	EF 4D	0x089A0
845	0xB8FE	뫼	0x44E	EF 4E	0x089C0
846	0xB9A1	묀	0x44F	EF 4F	0x089E0
847	0xB9A2	묄	0x450	EF 50	0x08A00
848	0xB9A3	묍	0x451	EF 51	0x08A20
849	0xB9A4	묏	0x452	EF 52	0x08A40
850	0xB9A5	묑	0x453	EF 53	0x08A60
851	0xB9A6	묘	0x454	EF 54	0x08A80
852	0xB9A7	묜	0x455	EF 55	0x08AA0
853	0xB9A8	묠	0x456	EF 56	0x08AC0
854	0xB9A9	묩	0x457	EF 57	0x08AE0
855	0xB9AA	묫	0x458	EF 58	0x08B00
856	0xB9AB	무	0x459	EF 59	0x08B20
857	0xB9AC	묵	0x45A	EF 5A	0x08B40
858	0xB9AD	묶	0x45B	EF 5B	0x08B60
859	0xB9AE	문	0x45C	EF 5C	0x08B80
860	0xB9AF	묻	0x45D	EF 5D	0x08BA0
861	0xB9B0	물	0x45E	EF 5E	0x08BC0
862	0xB9B1	묽	0x45F	EF 5F	0x08BE0
863	0xB9B2	묾	0x460	EF 60	0x08C00
864	0xB9B3	뭄	0x461	EF 61	0x08C20
865	0xB9B4	뭅	0x462	EF 62	0x08C40
866	0xB9B5	뭇	0x463	EF 63	0x08C60
867	0xB9B6	뭉	0x464	EF 64	0x08C80
868	0xB9B7	뭍	0x465	EF 65	0x08CA0
869	0xB9B8	뭏	0x466	EF 66	0x08CC0
870	0xB9B9	뭐	0x467	EF 67	0x08CE0
871	0xB9BA	뭔	0x468	EF 68	0x08D00
872	0xB9BB	뭘	0x469	EF 69	0x08D20
873	0xB9BC	뭡	0x46A	EF 6A	0x08D40
874	0xB9BD	뭣	0x46B	EF 6B	0x08D60
875	0xB9BE	뭬	0x46C	EF 6C	0x08D80
876	0xB9BF	뮈	0x46D	EF 6D	0x08DA0
877	0xB9C0	뮌	0x46E	EF 6E	0x08DC0
878	0xB9C1	뮐	0x46F	EF 6F	0x08DE0
879	0xB9C2	뮤	0x470	EF 70	0x08E00
880	0xB9C3	뮨	0x471	EF 71	0x08E20
881	0xB9C4	뮬	0x472	EF 72	0x08E40
882	0xB9C5	뮴	0x473	EF 73	0x08E60
883	0xB9C6	뮷	0x474	EF 74	0x08E80
884	0xB9C7	므	0x475	EF 75	0x08EA0
885	0xB9C8	믄	0x476	EF 76	0x08EC0
886	0xB9C9	믈	0x477	EF 77	0x08EE0
887	0xB9CA	믐	0x478	EF 78	0x08F00
888	0xB9CB	믓	0x479	EF 79	0x08F20
889	0xB9CC	미	0x47A	EF 7A	0x08F40
890	0xB9CD	믹	0x47B	EF 7B	0x08F60
891	0xB9CE	민	0x47C	EF 7C	0x08F80
892	0xB9CF	믿	0x47D	EF 7D	0x08FA0
893	0xB9D0	밀	0x47E	EF 7E	0x08FC0
894	0xB9D1	밂	0x47F	EF 7F	0x08FE0
895	0xB9D2	밈	0x480	EF 80	0x09000
896	0xB9D3	밉	0x481	EF 81	0x09020
897	0xB9D4	밋	0x482	EF 82	0x09040
898	0xB9D5	밌	0x483	EF 83	0x09060
899	0xB9D6	밍	0x484	EF 84	0x09080
900	0xB9D7	및	0x485	EF 85	0x090A0
901	0xB9D8	밑	0x486	EF 86	0x090C0
902	0xB9D9	바	0x487	EF 87	0x090E0
903	0xB9DA	박	0x488	EF 88	0x09100
904	0xB9DB	밖	0x489	EF 89	0x09120
905	0xB9DC	밗	0x48A	EF 8A	0x09140
906	0xB9DD	반	0x48B	EF 8B	0x09160
907	0xB9DE	받	0x48C	EF 8C	0x09180
908	0xB9DF	발	0x48D	EF 8D	0x091A0
909	0xB9E0	밝	0x48E	EF 8E	0x091C0
910	0xB9E1	밞	0x48F	EF 8F	0x091E0
911	0xB9E2	밟	0x490	EF 90	0x09200
912	0xB9E3	밤	0x491	EF 91	0x09220
913	0xB9E4	밥	0x492	EF 92	0x09240
914	0xB9E5	밧	0x493	EF 93	0x09260
915	0xB9E6	방	0x494	EF 94	0x09280
916	0xB9E7	밭	0x495	EF 95	0x092A0
917	0xB9E8	배	0x496	EF 96	0x092C0
918	0xB9E9	백	0x497	EF 97	0x092E0
919	0xB9EA	밴	0x498	EF 98	0x09300
920	0xB9EB	밸	0x499	EF 99	0x09320
921	0xB9EC	뱀	0x49A	EF 9A	0x09340
922	0xB9ED	뱁	0x49B	EF 9B	0x09360
923	0xB9EE	뱃	0x49C	EF 9C	0x09380
924	0xB9EF	뱄	0x49D	EF 9D	0x093A0
925	0xB9F0	뱅	0x49E	EF 9E	0x093C0
926	0xB9F1	뱉	0x49F	EF 9F	0x093E0
927	0xB9F2	뱌	0x4A0	EF A0	0x09400
928	0xB9F3	뱍	0x4A1	EF A1	0x09420
929	0xB9F4	뱐	0x4A2	EF A2	0x09440
930	0xB9F5	뱝	0x4A3	EF A3	0x09460
931	0xB9F6	버	0x4A4	EF A4	0x09480
932	0xB9F7	벅	0x4A5	EF A5	0x094A0
933	0xB9F8	번	0x4A6	EF A6	0x094C0
934	0xB9F9	벋	0x4A7	EF A7	0x094E0
935	0xB9FA	벌	0x4A8	EF A8	0x09500
936	0xB9FB	벎	0x4A9	EF A9	0x09520
937	0xB9FC	범	0x4AA	EF AA	0x09540
938	0xB9FD	법	0x4AB	EF AB	0x09560
939	0xB9FE	벗	0x4AC	EF AC	0x09580
940	0xBAA1	벙	0x4AD	EF AD	0x095A0
941	0xBAA2	벚	0x4AE	EF AE	0x095C0
942	0xBAA3	베	0x4AF	EF AF	0x095E0
943	0xBAA4	벡	0x4B0	EF B0	0x09600
944	0xBAA5	벤	0x4B1	EF B1	0x09620
945	0xBAA6	벧	0x4B2	EF B2	0x09640
946	0xBAA7	벨	0x4B3	EF B3	0x09660
947	0xBAA8	벰	0x4B4	EF B4	0x09680
948	0xBAA9	벱	0x4B5	EF B5	0x096A0
949	0xBAAA	벳	0x4B6	EF B6	0x096C0
950	0xBAAB	벴	0x4B7	EF B7	0x096E0
951	0xBAAC	벵	0x4B8	EF B8	0x09700
952	0xBAAD	벼	0x4B9	EF B9	0x09720
953	0xBAAE	벽	0x4BA	EF BA	0x09740
954	0xBAAF	변	0x4BB	EF BB	0x09760
955	0xBAB0	별	0x4BC	EF BC	0x09780
956	0xBAB1	볍	0x4BD	EF BD	0x097A0
957	0xBAB2	볏	0x4BE	EF BE	0x097C0
958	0xBAB3	볐	0x4BF	EF BF	0x097E0
959	0xBAB4	병	0x4C0	EF C0	0x09800
960	0xBAB5	볕	0x4C1	EF C1	0x09820
961	0xBAB6	볘	0x4C2	EF C2	0x09840
962	0xBAB7	볜	0x4C3	EF C3	0x09860
963	0xBAB8	보	0x4C4	EF C4	0x09880
964	0xBAB9	복	0x4C5	EF C5	0x098A0
965	0xBABA	볶	0x4C6	EF C6	0x098C0
966	0xBABB	본	0x4C7	EF C7	0x098E0
967	0xBABC	볼	0x4C8	EF C8	0x09900
968	0xBABD	봄	0x4C9	EF C9	0x09920
969	0xBABE	봅	0x4CA	EF CA	0x09940
970	0xBABF	봇	0x4CB	EF CB	0x09960
971	0xBAC0	봉	0x4CC	EF CC	0x09980
972	0xBAC1	봐	0x4CD	EF CD	0x099A0
973	0xBAC2	봔	0x4CE	EF CE	0x099C0
974	0xBAC3	봤	0x4CF	EF CF	0x099E0
975	0xBAC4	봬	0x4D0	EF D0	0x09A00
976	0xBAC5	뵀	0x4D1	EF D1	0x09A20
977	0xBAC6	뵈	0x4D2	EF D2	0x09A40
978	0xBAC7	뵉	0x4D3	EF D3	0x09A60
979	0xBAC8	뵌	0x4D4	EF D4	0x09A80
980	0xBAC9	뵐	0x4D5	EF D5	0x09AA0
981	0xBACA	뵘	0x4D6	EF D6	0x09AC0
982	0xBACB	뵙	0x4D7	EF D7	0x09AE0
983	0xBACC	뵤	0x4D8	EF D8	0x09B00
984	0xBACD	뵨	0x4D9	EF D9	0x09B20
985	0xBACE	부	0x4DA	EF DA	0x09B40
986	0xBACF	북	0x4DB	EF DB	0x09B60
987	0xBAD0	분	0x4DC	EF DC	0x09B80
988	0xBAD1	붇	0x4DD	EF DD	0x09BA0
989	0xBAD2	불	0x4DE	EF DE	0x09BC0
990	0xBAD3	붉	0x4DF	EF DF	0x09BE0
991	0xBAD4	붊	0x4E0	EF E0	0x09C00
992	0xBAD5	붐	0x4E1	EF E1	0x09C20
993	0xBAD6	붑	0x4E2	EF E2	0x09C40
994	0xBAD7	붓	0x4E3	EF E3	0x09C60
995	0xBAD8	붕	0x4E4	EF E4	0x09C80
996	0xBAD9	붙	0x4E5	EF E5	0x09CA0
997	0xBADA	붚	0x4E6	EF E6	0x09CC0
998	0xBADB	붜	0x4E7	EF E7	0x09CE0
999	0xBADC	붤	0x4E8	EF E8	0x09D00
1000	0xBADD	붰	0x4E9	EF E9	0x09D20
1001	0xBADE	붸	0x4EA	EF EA	0x09D40
1002	0xBADF	뷔	0x4EB	EF EB	0x09D60
1003	0xBAE0	뷕	0x4EC	EF EC	0x09D80
1004	0xBAE1	뷘	0x4ED	EF ED	0x09DA0
1005	0xBAE2	뷜	0x4EE	EF EE	0x09DC0
1006	0xBAE3	뷩	0x4EF	EF EF	0x09DE0
1007	0xBAE4	뷰	0x4F0	EF F0	0x09E00
1008	0xBAE5	뷴	0x4F1	EF F1	0x09E20
1009	0xBAE6	뷸	0x4F2	EF F2	0x09E40
1010	0xBAE7	븀	0x4F3	EF F3	0x09E60
1011	0xBAE8	븃	0x4F4	EF F4	0x09E80
1012	0xBAE9	븅	0x4F5	EF F5	0x09EA0
1013	0xBAEA	브	0x4F6	EF F6	0x09EC0
1014	0xBAEB	븍	0x4F7	EF F7	0x09EE0
1015	0xBAEC	븐	0x4F8	EF F8	0x09F00
1016	0xBAED	블	0x4F9	EF F9	0x09F20
1017	0xBAEE	븜	0x4FA	EF FA	0x09F40
1018	0xBAEF	븝	0x4FB	EF FB	0x09F60
1019	0xBAF0	븟	0x4FC	EF FC	0x09F80
1020	0xBAF1	비	0x4FD	EF FD	0x09FA0
1021	0xBAF2	빅	0x4FE	EF FE	0x09FC0
1022	0xBAF3	빈	0x4FF	EF FF	0x09FE0
1023	0xBAF4	빌	0x500	F0 00	0x0A000
1024	0xBAF5	빎	0x501	F0 01	0x0A020
1025	0xBAF6	빔	0x502	F0 02	0x0A040
1026	0xBAF7	빕	0x503	F0 03	0x0A060
1027	0xBAF8	빗	0x504	F0 04	0x0A080
1028	0xBAF9	빙	0x505	F0 05	0x0A0A0
1029	0xBAFA	빚	0x506	F0 06	0x0A0C0
1030	0xBAFB	빛	0x507	F0 07	0x0A0E0
1031	0xBAFC	빠	0x508	F0 08	0x0A100
1032	0xBAFD	빡	0x509	F0 09	0x0A120
1033	0xBAFE	빤	0x50A	F0 0A	0x0A140
1034	0xBBA1	빨	0x50B	F0 0B	0x0A160
1035	0xBBA2	빪	0x50C	F0 0C	0x0A180
1036	0xBBA3	빰	0x50D	F0 0D	0x0A1A0
1037	0xBBA4	빱	0x50E	F0 0E	0x0A1C0
1038	0xBBA5	빳	0x50F	F0 0F	0x0A1E0
1039	0xBBA6	빴	0x510	F0 10	0x0A200
1040	0xBBA7	빵	0x511	F0 11	0x0A220
1041	0xBBA8	빻	0x512	F0 12	0x0A240
1042	0xBBA9	빼	0x513	F0 13	0x0A260
1043	0xBBAA	빽	0x514	F0 14	0x0A280
1044	0xBBAB	뺀	0x515	F0 15	0x0A2A0
1045	0xBBAC	뺄	0x516	F0 16	0x0A2C0
1046	0xBBAD	뺌	0x517	F0 17	0x0A2E0
1047	0xBBAE	뺍	0x518	F0 18	0x0A300
1048	0xBBAF	뺏	0x519	F0 19	0x0A320
1049	0xBBB0	뺐	0x51A	F0 1A	0x0A340
1050	0xBBB1	뺑	0x51B	F0 1B	0x0A360
1051	0xBBB2	뺘	0x51C	F0 1C	0x0A380
1052	0xBBB3	뺙	0x51D	F0 1D	0x0A3A0
1053	0xBBB4	뺨	0x51E	F0 1E	0x0A3C0
1054	0xBBB5	뻐	0x51F	F0 1F	0x0A3E0
1055	0xBBB6	뻑	0x520	F0 20	0x0A400
1056	0xBBB7	뻔	0x521	F0 21	0x0A420
1057	0xBBB8	뻗	0x522	F0 22	0x0A440
1058	0xBBB9	뻘	0x523	F0 23	0x0A460
1059	0xBBBA	뻠	0x524	F0 24	0x0A480
1060	0xBBBB	뻣	0x525	F0 25	0x0A4A0
1061	0xBBBC	뻤	0x526	F0 26	0x0A4C0
1062	0xBBBD	뻥	0x527	F0 27	0x0A4E0
1063	0xBBBE	뻬	0x528	F0 28	0x0A500
1064	0xBBBF	뼁	0x529	F0 29	0x0A520
1065	0xBBC0	뼈	0x52A	F0 2A	0x0A540
1066	0xBBC1	뼉	0x52B	F0 2B	0x0A560
1067	0xBBC2	뼘	0x52C	F0 2C	0x0A580
1068	0xBBC3	뼙	0x52D	F0 2D	0x0A5A0
1069	0xBBC4	뼛	0x52E	F0 2E	0x0A5C0
1070	0xBBC5	뼜	0x52F	F0 2F	0x0A5E0
1071	0xBBC6	뼝	0x530	F0 30	0x0A600
1072	0xBBC7	뽀	0x531	F0 31	0x0A620
1073	0xBBC8	뽁	0x532	F0 32	0x0A640
1074	0xBBC9	뽄	0x533	F0 33	0x0A660
1075	0xBBCA	뽈	0x534	F0 34	0x0A680
1076	0xBBCB	뽐	0x535	F0 35	0x0A6A0
1077	0xBBCC	뽑	0x536	F0 36	0x0A6C0
1078	0xBBCD	뽕	0x537	F0 37	0x0A6E0
1079	0xBBCE	뾔	0x538	F0 38	0x0A700
1080	0xBBCF	뾰	0x539	F0 39	0x0A720
1081	0xBBD0	뿅	0x53A	F0 3A	0x0A740
1082	0xBBD1	뿌	0x53B	F0 3B	0x0A760
1083	0xBBD2	뿍	0x53C	F0 3C	0x0A780
1084	0xBBD3	뿐	0x53D	F0 3D	0x0A7A0
1085	0xBBD4	뿔	0x53E	F0 3E	0x0A7C0
1086	0xBBD5	뿜	0x53F	F0 3F	0x0A7E0
1087	0xBBD6	뿟	0x540	F0 40	0x0A800
1088	0xBBD7	뿡	0x541	F0 41	0x0A820
1089	0xBBD8	쀼	0x542	F0 42	0x0A840
1090	0xBBD9	쁑	0x543	F0 43	0x0A860
1091	0xBBDA	쁘	0x544	F0 44	0x0A880
1092	0xBBDB	쁜	0x545	F0 45	0x0A8A0
1093	0xBBDC	쁠	0x546	F0 46	0x0A8C0
1094	0xBBDD	쁨	0x547	F0 47	0x0A8E0
1095	0xBBDE	쁩	0x548	F0 48	0x0A900
1096	0xBBDF	삐	0x549	F0 49	0x0A920
1097	0xBBE0	삑	0x54A	F0 4A	0x0A940
1098	0xBBE1	삔	0x54B	F0 4B	0x0A960
1099	0xBBE2	삘	0x54C	F0 4C	0x0A980
1100	0xBBE3	삠	0x54D	F0 4D	0x0A9A0
1101	0xBBE4	삡	0x54E	F0 4E	0x0A9C0
1102	0xBBE5	삣	0x54F	F0 4F	0x0A9E0
1103	0xBBE6	삥	0x550	F0 50	0x0AA00
1104	0xBBE7	사	0x551	F0 51	0x0AA20
1105	0xBBE8	삭	0x552	F0 52	0x0AA40
1106	0xBBE9	삯	0x553	F0 53	0x0AA60
1107	0xBBEA	산	0x554	F0 54	0x0AA80
1108	0xBBEB	삳	0x555	F0 55	0x0AAA0
1109	0xBBEC	살	0x556	F0 56	0x0AAC0
1110	0xBBED	삵	0x557	F0 57	0x0AAE0
1111	0xBBEE	삶	0x558	F0 58	0x0AB00
1112	0xBBEF	삼	0x559	F0 59	0x0AB20
1113	0xBBF0	삽	0x55A	F0 5A	0x0AB40
1114	0xBBF1	삿	0x55B	F0 5B	0x0AB60
1115	0xBBF2	샀	0x55C	F0 5C	0x0AB80
1116	0xBBF3	상	0x55D	F0 5D	0x0ABA0
1117	0xBBF4	샅	0x55E	F0 5E	0x0ABC0
1118	0xBBF5	새	0x55F	F0 5F	0x0ABE0
1119	0xBBF6	색	0x560	F0 60	0x0AC00
1120	0xBBF7	샌	0x561	F0 61	0x0AC20
1121	0xBBF8	샐	0x562	F0 62	0x0AC40
1122	0xBBF9	샘	0x563	F0 63	0x0AC60
1123	0xBBFA	샙	0x564	F0 64	0x0AC80
1124	0xBBFB	샛	0x565	F0 65	0x0ACA0
1125	0xBBFC	샜	0x566	F0 66	0x0ACC0
1126	0xBBFD	생	0x567	F0 67	0x0ACE0
1127	0xBBFE	샤	0x568	F0 68	0x0AD00
1128	0xBCA1	샥	0x569	F0 69	0x0AD20
1129	0xBCA2	샨	0x56A	F0 6A	0x0AD40
1130	0xBCA3	샬	0x56B	F0 6B	0x0AD60
1131	0xBCA4	샴	0x56C	F0 6C	0x0AD80
1132	0xBCA5	샵	0x56D	F0 6D	0x0ADA0
1133	0xBCA6	샷	0x56E	F0 6E	0x0ADC0
1134	0xBCA7	샹	0x56F	F0 6F	0x0ADE0
1135	0xBCA8	섀	0x570	F0 70	0x0AE00
1136	0xBCA9	섄	0x571	F0 71	0x0AE20
1137	0xBCAA	섈	0x572	F0 72	0x0AE40
1138	0xBCAB	섐	0x573	F0 73	0x0AE60
1139	0xBCAC	섕	0x574	F0 74	0x0AE80
1140	0xBCAD	서	0x575	F0 75	0x0AEA0
1141	0xBCAE	석	0x576	F0 76	0x0AEC0
1142	0xBCAF	섞	0x577	F0 77	0x0AEE0
1143	0xBCB0	섟	0x578	F0 78	0x0AF00
1144	0xBCB1	선	0x579	F0 79	0x0AF20
1145	0xBCB2	섣	0x57A	F0 7A	0x0AF40
1146	0xBCB3	설	0x57B	F0 7B	0x0AF60
1147	0xBCB4	섦	0x57C	F0 7C	0x0AF80
1148	0xBCB5	섧	0x57D	F0 7D	0x0AFA0
1149	0xBCB6	섬	0x57E	F0 7E	0x0AFC0
1150	0xBCB7	섭	0x57F	F0 7F	0x0AFE0
1151	0xBCB8	섯	0x580	F0 80	0x0B000
1152	0xBCB9	섰	0x581	F0 81	0x0B020
1153	0xBCBA	성	0x582	F0 82	0x0B040
1154	0xBCBB	섶	0x583	F0 83	0x0B060
1155	0xBCBC	세	0x584	F0 84	0x0B080
1156	0xBCBD	섹	0x585	F0 85	0x0B0A0
1157	0xBCBE	센	0x586	F0 86	0x0B0C0
1158	0xBCBF	셀	0x587	F0 87	0x0B0E0
1159	0xBCC0	셈	0x588	F0 88	0x0B100
1160	0xBCC1	셉	0x589	F0 89	0x0B120
1161	0xBCC2	셋	0x58A	F0 8A	0x0B140
1162	0xBCC3	셌	0x58B	F0 8B	0x0B160
1163	0xBCC4	셍	0x58C	F0 8C	0x0B180
1164	0xBCC5	셔	0x58D	F0 8D	0x0B1A0
1165	0xBCC6	셕	0x58E	F0 8E	0x0B1C0
1166	0xBCC7	션	0x58F	F0 8F	0x0B1E0
1167	0xBCC8	셜	0x590	F0 90	0x0B200
1168	0xBCC9	셤	0x591	F0 91	0x0B220
1169	0xBCCA	셥	0x592	F0 92	0x0B240
1170	0xBCCB	셧	0x593	F0 93	0x0B260
1171	0xBCCC	셨	0x594	F0 94	0x0B280
1172	0xBCCD	셩	0x595	F0 95	0x0B2A0
1173	0xBCCE	셰	0x596	F0 96	0x0B2C0
1174	0xBCCF	셴	0x597	F0 97	0x0B2E0
1175	0xBCD0	셸	0x598	F0 98	0x0B300
1176	0xBCD1	솅	0x599	F0 99	0x0B320
1177	0xBCD2	소	0x59A	F0 9A	0x0B340
1178	0xBCD3	속	0x59B	F0 9B	0x0B360
1179	0xBCD4	솎	0x59C	F0 9C	0x0B380
1180	0xBCD5	손	0x59D	F0 9D	0x0B3A0
1181	0xBCD6	솔	0x59E	F0 9E	0x0B3C0
1182	0xBCD7	솖	0x59F	F0 9F	0x0B3E0
1183	0xBCD8	솜	0x5A0	F0 A0	0x0B400
1184	0xBCD9	솝	0x5A1	F0 A1	0x0B420
1185	0xBCDA	솟	0x5A2	F0 A2	0x0B440
1186	0xBCDB	송	0x5A3	F0 A3	0x0B460
1187	0xBCDC	솥	0x5A4	F0 A4	0x0B480
1188	0xBCDD	솨	0x5A5	F0 A5	0x0B4A0
1189	0xBCDE	솩	0x5A6	F0 A6	0x0B4C0
1190	0xBCDF	솬	0x5A7	F0 A7	0x0B4E0
1191	0xBCE0	솰	0x5A8	F0 A8	0x0B500
1192	0xBCE1	솽	0x5A9	F0 A9	0x0B520
1193	0xBCE2	쇄	0x5AA	F0 AA	0x0B540
1194	0xBCE3	쇈	0x5AB	F0 AB	0x0B560
1195	0xBCE4	쇌	0x5AC	F0 AC	0x0B580
1196	0xBCE5	쇔	0x5AD	F0 AD	0x0B5A0
1197	0xBCE6	쇗	0x5AE	F0 AE	0x0B5C0
1198	0xBCE7	쇘	0x5AF	F0 AF	0x0B5E0
1199	0xBCE8	쇠	0x5B0	F0 B0	0x0B600
1200	0xBCE9	쇤	0x5B1	F0 B1	0x0B620
1201	0xBCEA	쇨	0x5B2	F0 B2	0x0B640
1202	0xBCEB	쇰	0x5B3	F0 B3	0x0B660
1203	0xBCEC	쇱	0x5B4	F0 B4	0x0B680
1204	0xBCED	쇳	0x5B5	F0 B5	0x0B6A0
1205	0xBCEE	쇼	0x5B6	F0 B6	0x0B6C0
1206	0xBCEF	쇽	0x5B7	F0 B7	0x0B6E0
1207	0xBCF0	숀	0x5B8	F0 B8	0x0B700
1208	0xBCF1	숄	0x5B9	F0 B9	0x0B720
1209	0xBCF2	숌	0x5BA	F0 BA	0x0B740
1210	0xBCF3	숍	0x5BB	F0 BB	0x0B760
1211	0xBCF4	숏	0x5BC	F0 BC	0x0B780
1212	0xBCF5	숑	0x5BD	F0 BD	0x0B7A0
1213	0xBCF6	수	0x5BE	F0 BE	0x0B7C0
1214	0xBCF7	숙	0x5BF	F0 BF	0x0B7E0
1215	0xBCF8	순	0x5C0	F0 C0	0x0B800
1216	0xBCF9	숟	0x5C1	F0 C1	0x0B820
1217	0xBCFA	술	0x5C2	F0 C2	0x0B840
1218	0xBCFB	숨	0x5C3	F0 C3	0x0B860
1219	0xBCFC	숩	0x5C4	F0 C4	0x0B880
1220	0xBCFD	숫	0x5C5	F0 C5	0x0B8A0
1221	0xBCFE	숭	0x5C6	F0 C6	0x0B8C0
1222	0xBDA1	숯	0x5C7	F0 C7	0x0B8E0
1223	0xBDA2	숱	0x5C8	F0 C8	0x0B900
1224	0xBDA3	숲	0x5C9	F0 C9	0x0B920
1225	0xBDA4	숴	0x5CA	F0 CA	0x0B940
1226	0xBDA5	쉈	0x5CB	F0 CB	0x0B960
1227	0xBDA6	쉐	0x5CC	F0 CC	0x0B980
1228	0xBDA7	쉑	0x5CD	F0 CD	0x0B9A0
1229	0xBDA8	쉔	0x5CE	F0 CE	0x0B9C0
1230	0xBDA9	쉘	0x5CF	F0 CF	0x0B9E0
1231	0xBDAA	쉠	0x5D0	F0 D0	0x0BA00
1232	0xBDAB	쉥	0x5D1	F0 D1	0x0BA20
1233	0xBDAC	쉬	0x5D2	F0 D2	0x0BA40
1234	0xBDAD	쉭	0x5D3	F0 D3	0x0BA60
1235	0xBDAE	쉰	0x5D4	F0 D4	0x0BA80
1236	0xBDAF	쉴	0x5D5	F0 D5	0x0BAA0
1237	0xBDB0	쉼	0x5D6	F0 D6	0x0BAC0
1238	0xBDB1	쉽	0x5D7	F0 D7	0x0BAE0
1239	0xBDB2	쉿	0x5D8	F0 D8	0x0BB00
1240	0xBDB3	슁	0x5D9	F0 D9	0x0BB20
1241	0xBDB4	슈	0x5DA	F0 DA	0x0BB40
1242	0xBDB5	슉	0x5DB	F0 DB	0x0BB60
1243	0xBDB6	슐	0x5DC	F0 DC	0x0BB80
1244	0xBDB7	슘	0x5DD	F0 DD	0x0BBA0
1245	0xBDB8	슛	0x5DE	F0 DE	0x0BBC0
1246	0xBDB9	슝	0x5DF	F0 DF	0x0BBE0
1247	0xBDBA	스	0x5E0	F0 E0	0x0BC00
1248	0xBDBB	슥	0x5E1	F0 E1	0x0BC20
1249	0xBDBC	슨	0x5E2	F0 E2	0x0BC40
1250	0xBDBD	슬	0x5E3	F0 E3	0x0BC60
1251	0xBDBE	슭	0x5E4	F0 E4	0x0BC80
1252	0xBDBF	슴	0x5E5	F0 E5	0x0BCA0
1253	0xBDC0	습	0x5E6	F0 E6	0x0BCC0
1254	0xBDC1	슷	0x5E7	F0 E7	0x0BCE0
1255	0xBDC2	승	0x5E8	F0 E8	0x0BD00
1256	0xBDC3	시	0x5E9	F0 E9	0x0BD20
1257	0xBDC4	식	0x5EA	F0 EA	0x0BD40
1258	0xBDC5	신	0x5EB	F0 EB	0x0BD60
1259	0xBDC6	싣	0x5EC	F0 EC	0x0BD80
1260	0xBDC7	실	0x5ED	F0 ED	0x0BDA0
1261	0xBDC8	싫	0x5EE	F0 EE	0x0BDC0
1262	0xBDC9	심	0x5EF	F0 EF	0x0BDE0
1263	0xBDCA	십	0x5F0	F0 F0	0x0BE00
1264	0xBDCB	싯	0x5F1	F0 F1	0x0BE20
1265	0xBDCC	싱	0x5F2	F0 F2	0x0BE40
1266	0xBDCD	싶	0x5F3	F0 F3	0x0BE60
1267	0xBDCE	싸	0x5F4	F0 F4	0x0BE80
1268	0xBDCF	싹	0x5F5	F0 F5	0x0BEA0
1269	0xBDD0	싻	0x5F6	F0 F6	0x0BEC0
1270	0xBDD1	싼	0x5F7	F0 F7	0x0BEE0
1271	0xBDD2	쌀	0x5F8	F0 F8	0x0BF00
1272	0xBDD3	쌈	0x5F9	F0 F9	0x0BF20
1273	0xBDD4	쌉	0x5FA	F0 FA	0x0BF40
1274	0xBDD5	쌌	0x5FB	F0 FB	0x0BF60
1275	0xBDD6	쌍	0x5FC	F0 FC	0x0BF80
1276	0xBDD7	쌓	0x5FD	F0 FD	0x0BFA0
1277	0xBDD8	쌔	0x5FE	F0 FE	0x0BFC0
1278	0xBDD9	쌕	0x5FF	F0 FF	0x0BFE0
1279	0xBDDA	쌘	0x600	F1 00	0x0C000
1280	0xBDDB	쌜	0x601	F1 01	0x0C020
1281	0xBDDC	쌤	0x602	F1 02	0x0C040
1282	0xBDDD	쌥	0x603	F1 03	0x0C060
1283	0xBDDE	쌨	0x604	F1 04	0x0C080
1284	0xBDDF	쌩	0x605	F1 05	0x0C0A0
1285	0xBDE0	썅	0x606	F1 06	0x0C0C0
1286	0xBDE1	써	0x607	F1 07	0x0C0E0
1287	0xBDE2	썩	0x608	F1 08	0x0C100
1288	0xBDE3	썬	0x609	F1 09	0x0C120
1289	0xBDE4	썰	0x60A	F1 0A	0x0C140
1290	0xBDE5	썲	0x60B	F1 0B	0x0C160
1291	0xBDE6	썸	0x60C	F1 0C	0x0C180
1292	0xBDE7	썹	0x60D	F1 0D	0x0C1A0
1293	0xBDE8	썼	0x60E	F1 0E	0x0C1C0
1294	0xBDE9	썽	0x60F	F1 0F	0x0C1E0
1295	0xBDEA	쎄	0x610	F1 10	0x0C200
1296	0xBDEB	쎈	0x611	F1 11	0x0C220
1297	0xBDEC	쎌	0x612	F1 12	0x0C240
1298	0xBDED	쏀	0x613	F1 13	0x0C260
1299	0xBDEE	쏘	0x614	F1 14	0x0C280
1300	0xBDEF	쏙	0x615	F1 15	0x0C2A0
1301	0xBDF0	쏜	0x616	F1 16	0x0C2C0
1302	0xBDF1	쏟	0x617	F1 17	0x0C2E0
1303	0xBDF2	쏠	0x618	F1 18	0x0C300
1304	0xBDF3	쏢	0x619	F1 19	0x0C320
1305	0xBDF4	쏨	0x61A	F1 1A	0x0C340
1306	0xBDF5	쏩	0x61B	F1 1B	0x0C360
1307	0xBDF6	쏭	0x61C	F1 1C	0x0C380
1308	0xBDF7	쏴	0x61D	F1 1D	0x0C3A0
1309	0xBDF8	쏵	0x61E	F1 1E	0x0C3C0
1310	0xBDF9	쏸	0x61F	F1 1F	0x0C3E0
1311	0xBDFA	쐈	0x620	F1 20	0x0C400
1312	0xBDFB	쐐	0x621	F1 21	0x0C420
1313	0xBDFC	쐤	0x622	F1 22	0x0C440
1314	0xBDFD	쐬	0x623	F1 23	0x0C460
1315	0xBDFE	쐰	0x624	F1 24	0x0C480
1316	0xBEA1	쐴	0x625	F1 25	0x0C4A0
1317	0xBEA2	쐼	0x626	F1 26	0x0C4C0
1318	0xBEA3	쐽	0x627	F1 27	0x0C4E0
1319	0xBEA4	쑈	0x628	F1 28	0x0C500
1320	0xBEA5	쑤	0x629	F1 29	0x0C520
1321	0xBEA6	쑥	0x62A	F1 2A	0x0C540
1322	0xBEA7	쑨	0x62B	F1 2B	0x0C560
1323	0xBEA8	쑬	0x62C	F1 2C	0x0C580
1324	0xBEA9	쑴	0x62D	F1 2D	0x0C5A0
1325	0xBEAA	쑵	0x62E	F1 2E	0x0C5C0
1326	0xBEAB	쑹	0x62F	F1 2F	0x0C5E0
1327	0xBEAC	쒀	0x630	F1 30	0x0C600
1328	0xBEAD	쒔	0x631	F1 31	0x0C620
1329	0xBEAE	쒜	0x632	F1 32	0x0C640
1330	0xBEAF	쒸	0x633	F1 33	0x0C660
1331	0xBEB0	쒼	0x634	F1 34	0x0C680
1332	0xBEB1	쓩	0x635	F1 35	0x0C6A0
1333	0xBEB2	쓰	0x636	F1 36	0x0C6C0
1334	0xBEB3	쓱	0x637	F1 37	0x0C6E0
1335	0xBEB4	쓴	0x638	F1 38	0x0C700
1336	0xBEB5	쓸	0x639	F1 39	0x0C720
1337	0xBEB6	쓺	0x63A	F1 3A	0x0C740
1338	0xBEB7	쓿	0x63B	F1 3B	0x0C760
1339	0xBEB8	씀	0x63C	F1 3C	0x0C780
1340	0xBEB9	씁	0x63D	F1 3D	0x0C7A0
1341	0xBEBA	씌	0x63E	F1 3E	0x0C7C0
1342	0xBEBB	씐	0x63F	F1 3F	0x0C7E0
1343	0xBEBC	씔	0x640	F1 40	0x0C800
1344	0xBEBD	씜	0x641	F1 41	0x0C820
1345	0xBEBE	씨	0x642	F1 42	0x0C840
1346	0xBEBF	씩	0x643	F1 43	0x0C860
1347	0xBEC0	씬	0x644	F1 44	0x0C880
1348	0xBEC1	씰	0x645	F1 45	0x0C8A0
1349	0xBEC2	씸	0x646	F1 46	0x0C8C0
1350	0xBEC3	씹	0x647	F1 47	0x0C8E0
1351	0xBEC4	씻	0x648	F1 48	0x0C900
1352	0xBEC5	씽	0x649	F1 49	0x0C920
1353	0xBEC6	아	0x64A	F1 4A	0x0C940
1354	0xBEC7	악	0x64B	F1 4B	0x0C960
1355	0xBEC8	안	0x64C	F1 4C	0x0C980
1356	0xBEC9	앉	0x64D	F1 4D	0x0C9A0
1357	0xBECA	않	0x64E	F1 4E	0x0C9C0
1358	0xBECB	알	0x64F	F1 4F	0x0C9E0
1359	0xBECC	앍	0x650	F1 50	0x0CA00
1360	0xBECD	앎	0x651	F1 51	0x0CA20
1361	0xBECE	앓	0x652	F1 52	0x0CA40
1362	0xBECF	암	0x653	F1 53	0x0CA60
1363	0xBED0	압	0x654	F1 54	0x0CA80
1364	0xBED1	앗	0x655	F1 55	0x0CAA0
1365	0xBED2	았	0x656	F1 56	0x0CAC0
1366	0xBED3	앙	0x657	F1 57	0x0CAE0
1367	0xBED4	앝	0x658	F1 58	0x0CB00
1368	0xBED5	앞	0x659	F1 59	0x0CB20
1369	0xBED6	애	0x65A	F1 5A	0x0CB40
1370	0xBED7	액	0x65B	F1 5B	0x0CB60
1371	0xBED8	앤	0x65C	F1 5C	0x0CB80
1372	0xBED9	앨	0x65D	F1 5D	0x0CBA0
1373	0xBEDA	앰	0x65E	F1 5E	0x0CBC0
1374	0xBEDB	앱	0x65F	F1 5F	0x0CBE0
1375	0xBEDC	앳	0x660	F1 60	0x0CC00
1376	0xBEDD	앴	0x661	F1 61	0x0CC20
1377	0xBEDE	앵	0x662	F1 62	0x0CC40
1378	0xBEDF	야	0x663	F1 63	0x0CC60
1379	0xBEE0	약	0x664	F1 64	0x0CC80
1380	0xBEE1	얀	0x665	F1 65	0x0CCA0
1381	0xBEE2	얄	0x666	F1 66	0x0CCC0
1382	0xBEE3	얇	0x667	F1 67	0x0CCE0
1383	0xBEE4	얌	0x668	F1 68	0x0CD00
1384	0xBEE5	얍	0x669	F1 69	0x0CD20
1385	0xBEE6	얏	0x66A	F1 6A	0x0CD40
1386	0xBEE7	양	0x66B	F1 6B	0x0CD60
1387	0xBEE8	얕	0x66C	F1 6C	0x0CD80
1388	0xBEE9	얗	0x66D	F1 6D	0x0CDA0
1389	0xBEEA	얘	0x66E	F1 6E	0x0CDC0
1390	0xBEEB	얜	0x66F	F1 6F	0x0CDE0
1391	0xBEEC	얠	0x670	F1 70	0x0CE00
1392	0xBEED	얩	0x671	F1 71	0x0CE20
1393	0xBEEE	어	0x672	F1 72	0x0CE40
1394	0xBEEF	억	0x673	F1 73	0x0CE60
1395	0xBEF0	언	0x674	F1 74	0x0CE80
1396	0xBEF1	얹	0x675	F1 75	0x0CEA0
1397	0xBEF2	얻	0x676	F1 76	0x0CEC0
1398	0xBEF3	얼	0x677	F1 77	0x0CEE0
1399	0xBEF4	얽	0x678	F1 78	0x0CF00
1400	0xBEF5	얾	0x679	F1 79	0x0CF20
1401	0xBEF6	엄	0x67A	F1 7A	0x0CF40
1402	0xBEF7	업	0x67B	F1 7B	0x0CF60
1403	0xBEF8	없	0x67C	F1 7C	0x0CF80
1404	0xBEF9	엇	0x67D	F1 7D	0x0CFA0
1405	0xBEFA	었	0x67E	F1 7E	0x0CFC0
1406	0xBEFB	엉	0x67F	F1 7F	0x0CFE0
1407	0xBEFC	엊	0x680	F1 80	0x0D000
1408	0xBEFD	엌	0x681	F1 81	0x0D020
1409	0xBEFE	엎	0x682	F1 82	0x0D040
1410	0xBFA1	에	0x683	F1 83	0x0D060
1411	0xBFA2	엑	0x684	F1 84	0x0D080
1412	0xBFA3	엔	0x685	F1 85	0x0D0A0
1413	0xBFA4	엘	0x686	F1 86	0x0D0C0
1414	0xBFA5	엠	0x687	F1 87	0x0D0E0
1415	0xBFA6	엡	0x688	F1 88	0x0D100
1416	0xBFA7	엣	0x689	F1 89	0x0D120
1417	0xBFA8	엥	0x68A	F1 8A	0x0D140
1418	0xBFA9	여	0x68B	F1 8B	0x0D160
1419	0xBFAA	역	0x68C	F1 8C	0x0D180
1420	0xBFAB	엮	0x68D	F1 8D	0x0D1A0
1421	0xBFAC	연	0x68E	F1 8E	0x0D1C0
1422	0xBFAD	열	0x68F	F1 8F	0x0D1E0
1423	0xBFAE	엶	0x690	F1 90	0x0D200
1424	0xBFAF	엷	0x691	F1 91	0x0D220
1425	0xBFB0	염	0x692	F1 92	0x0D240
1426	0xBFB1	엽	0x693	F1 93	0x0D260
1427	0xBFB2	엾	0x694	F1 94	0x0D280
1428	0xBFB3	엿	0x695	F1 95	0x0D2A0
1429	0xBFB4	였	0x696	F1 96	0x0D2C0
1430	0xBFB5	영	0x697	F1 97	0x0D2E0
1431	0xBFB6	옅	0x698	F1 98	0x0D300
1432	0xBFB7	옆	0x699	F1 99	0x0D320
1433	0xBFB8	옇	0x69A	F1 9A	0x0D340
1434	0xBFB9	예	0x69B	F1 9B	0x0D360
1435	0xBFBA	옌	0x69C	F1 9C	0x0D380
1436	0xBFBB	옐	0x69D	F1 9D	0x0D3A0
1437	0xBFBC	옘	0x69E	F1 9E	0x0D3C0
1438	0xBFBD	옙	0x69F	F1 9F	0x0D3E0
1439	0xBFBE	옛	0x6A0	F1 A0	0x0D400
1440	0xBFBF	옜	0x6A1	F1 A1	0x0D420
1441	0xBFC0	오	0x6A2	F1 A2	0x0D440
1442	0xBFC1	옥	0x6A3	F1 A3	0x0D460
1443	0xBFC2	온	0x6A4	F1 A4	0x0D480
1444	0xBFC3	올	0x6A5	F1 A5	0x0D4A0
1445	0xBFC4	옭	0x6A6	F1 A6	0x0D4C0
1446	0xBFC5	옮	0x6A7	F1 A7	0x0D4E0
1447	0xBFC6	옰	0x6A8	F1 A8	0x0D500
1448	0xBFC7	옳	0x6A9	F1 A9	0x0D520
1449	0xBFC8	옴	0x6AA	F1 AA	0x0D540
1450	0xBFC9	옵	0x6AB	F1 AB	0x0D560
1451	0xBFCA	옷	0x6AC	F1 AC	0x0D580
1452	0xBFCB	옹	0x6AD	F1 AD	0x0D5A0
1453	0xBFCC	옻	0x6AE	F1 AE	0x0D5C0
1454	0xBFCD	와	0x6AF	F1 AF	0x0D5E0
1455	0xBFCE	왁	0x6B0	F1 B0	0x0D600
1456	0xBFCF	완	0x6B1	F1 B1	0x0D620
1457	0xBFD0	왈	0x6B2	F1 B2	0x0D640
1458	0xBFD1	왐	0x6B3	F1 B3	0x0D660
1459	0xBFD2	왑	0x6B4	F1 B4	0x0D680
1460	0xBFD3	왓	0x6B5	F1 B5	0x0D6A0
1461	0xBFD4	왔	0x6B6	F1 B6	0x0D6C0
1462	0xBFD5	왕	0x6B7	F1 B7	0x0D6E0
1463	0xBFD6	왜	0x6B8	F1 B8	0x0D700
1464	0xBFD7	왝	0x6B9	F1 B9	0x0D720
1465	0xBFD8	왠	0x6BA	F1 BA	0x0D740
1466	0xBFD9	왬	0x6BB	F1 BB	0x0D760
1467	0xBFDA	왯	0x6BC	F1 BC	0x0D780
1468	0xBFDB	왱	0x6BD	F1 BD	0x0D7A0
1469	0xBFDC	외	0x6BE	F1 BE	0x0D7C0
1470	0xBFDD	왹	0x6BF	F1 BF	0x0D7E0
1471	0xBFDE	왼	0x6C0	F1 C0	0x0D800
1472	0xBFDF	욀	0x6C1	F1 C1	0x0D820
1473	0xBFE0	욈	0x6C2	F1 C2	0x0D840
1474	0xBFE1	욉	0x6C3	F1 C3	0x0D860
1475	0xBFE2	욋	0x6C4	F1 C4	0x0D880
1476	0xBFE3	욍	0x6C5	F1 C5	0x0D8A0
1477	0xBFE4	요	0x6C6	F1 C6	0x0D8C0
1478	0xBFE5	욕	0x6C7	F1 C7	0x0D8E0
1479	0xBFE6	욘	0x6C8	F1 C8	0x0D900
1480	0xBFE7	욜	0x6C9	F1 C9	0x0D920
1481	0xBFE8	욤	0x6CA	F1 CA	0x0D940
1482	0xBFE9	욥	0x6CB	F1 CB	0x0D960
1483	0xBFEA	욧	0x6CC	F1 CC	0x0D980
1484	0xBFEB	용	0x6CD	F1 CD	0x0D9A0
1485	0xBFEC	우	0x6CE	F1 CE	0x0D9C0
1486	0xBFED	욱	0x6CF	F1 CF	0x0D9E0
1487	0xBFEE	운	0x6D0	F1 D0	0x0DA00
1488	0xBFEF	울	0x6D1	F1 D1	0x0DA20
1489	0xBFF0	욹	0x6D2	F1 D2	0x0DA40
1490	0xBFF1	욺	0x6D3	F1 D3	0x0DA60
1491	0xBFF2	움	0x6D4	F1 D4	0x0DA80
1492	0xBFF3	웁	0x6D5	F1 D5	0x0DAA0
1493	0xBFF4	웃	0x6D6	F1 D6	0x0DAC0
1494	0xBFF5	웅	0x6D7	F1 D7	0x0DAE0
1495	0xBFF6	워	0x6D8	F1 D8	0x0DB00
1496	0xBFF7	웍	0x6D9	F1 D9	0x0DB20
1497	0xBFF8	원	0x6DA	F1 DA	0x0DB40
1498	0xBFF9	월	0x6DB	F1 DB	0x0DB60
1499	0xBFFA	웜	0x6DC	F1 DC	0x0DB80
1500	0xBFFB	웝	0x6DD	F1 DD	0x0DBA0
1501	0xBFFC	웠	0x6DE	F1 DE	0x0DBC0
1502	0xBFFD	웡	0x6DF	F1 DF	0x0DBE0
1503	0xBFFE	웨	0x6E0	F1 E0	0x0DC00
1504	0xC0A1	웩	0x6E1	F1 E1	0x0DC20
1505	0xC0A2	웬	0x6E2	F1 E2	0x0DC40
1506	0xC0A3	웰	0x6E3	F1 E3	0x0DC60
1507	0xC0A4	웸	0x6E4	F1 E4	0x0DC80
1508	0xC0A5	웹	0x6E5	F1 E5	0x0DCA0
1509	0xC0A6	웽	0x6E6	F1 E6	0x0DCC0
1510	0xC0A7	위	0x6E7	F1 E7	0x0DCE0
1511	0xC0A8	윅	0x6E8	F1 E8	0x0DD00
1512	0xC0A9	윈	0x6E9	F1 E9	0x0DD20
1513	0xC0AA	윌	0x6EA	F1 EA	0x0DD40
1514	0xC0AB	윔	0x6EB	F1 EB	0x0DD60
1515	0xC0AC	윕	0x6EC	F1 EC	0x0DD80
1516	0xC0AD	윗	0x6ED	F1 ED	0x0DDA0
1517	0xC0AE	윙	0x6EE	F1 EE	0x0DDC0
1518	0xC0AF	유	0x6EF	F1 EF	0x0DDE0
1519	0xC0B0	육	0x6F0	F1 F0	0x0DE00
1520	0xC0B1	윤	0x6F1	F1 F1	0x0DE20
1521	0xC0B2	율	0x6F2	F1 F2	0x0DE40
1522	0xC0B3	윰	0x6F3	F1 F3	0x0DE60
1523	0xC0B4	윱	0x6F4	F1 F4	0x0DE80
1524	0xC0B5	윳	0x6F5	F1 F5	0x0DEA0
1525	0xC0B6	융	0x6F6	F1 F6	0x0DEC0
1526	0xC0B7	윷	0x6F7	F1 F7	0x0DEE0
1527	0xC0B8	으	0x6F8	F1 F8	0x0DF00
1528	0xC0B9	윽	0x6F9	F1 F9	0x0DF20
1529	0xC0BA	은	0x6FA	F1 FA	0x0DF40
1530	0xC0BB	을	0x6FB	F1 FB	0x0DF60
1531	0xC0BC	읊	0x6FC	F1 FC	0x0DF80
1532	0xC0BD	음	0x6FD	F1 FD	0x0DFA0
1533	0xC0BE	읍	0x6FE	F1 FE	0x0DFC0
1534	0xC0BF	읏	0x6FF	F1 FF	0x0DFE0
1535	0xC0C0	응	0x700	F2 00	0x0E000
1536	0xC0C1	읒	0x701	F2 01	0x0E020
1537	0xC0C2	읓	0x702	F2 02	0x0E040
1538	0xC0C3	읔	0x703	F2 03	0x0E060
1539	0xC0C4	읕	0x704	F2 04	0x0E080
1540	0xC0C5	읖	0x705	F2 05	0x0E0A0
1541	0xC0C6	읗	0x706	F2 06	0x0E0C0
1542	0xC0C7	의	0x707	F2 07	0x0E0E0
1543	0xC0C8	읜	0x708	F2 08	0x0E100
1544	0xC0C9	읠	0x709	F2 09	0x0E120
1545	0xC0CA	읨	0x70A	F2 0A	0x0E140
1546	0xC0CB	읫	0x70B	F2 0B	0x0E160
1547	0xC0CC	이	0x70C	F2 0C	0x0E180
1548	0xC0CD	익	0x70D	F2 0D	0x0E1A0
1549	0xC0CE	인	0x70E	F2 0E	0x0E1C0
1550	0xC0CF	일	0x70F	F2 0F	0x0E1E0
1551	0xC0D0	읽	0x710	F2 10	0x0E200
1552	0xC0D1	읾	0x711	F2 11	0x0E220
1553	0xC0D2	잃	0x712	F2 12	0x0E240
1554	0xC0D3	임	0x713	F2 13	0x0E260
1555	0xC0D4	입	0x714	F2 14	0x0E280
1556	0xC0D5	잇	0x715	F2 15	0x0E2A0
1557	0xC0D6	있	0x716	F2 16	0x0E2C0
1558	0xC0D7	잉	0x717	F2 17	0x0E2E0
1559	0xC0D8	잊	0x718	F2 18	0x0E300
1560	0xC0D9	잎	0x719	F2 19	0x0E320
1561	0xC0DA	자	0x71A	F2 1A	0x0E340
1562	0xC0DB	작	0x71B	F2 1B	0x0E360
1563	0xC0DC	잔	0x71C	F2 1C	0x0E380
1564	0xC0DD	잖	0x71D	F2 1D	0x0E3A0
1565	0xC0DE	잗	0x71E	F2 1E	0x0E3C0
1566	0xC0DF	잘	0x71F	F2 1F	0x0E3E0
1567	0xC0E0	잚	0x720	F2 20	0x0E400
1568	0xC0E1	잠	0x721	F2 21	0x0E420
1569	0xC0E2	잡	0x722	F2 22	0x0E440
1570	0xC0E3	잣	0x723	F2 23	0x0E460
1571	0xC0E4	잤	0x724	F2 24	0x0E480
1572	0xC0E5	장	0x725	F2 25	0x0E4A0
1573	0xC0E6	잦	0x726	F2 26	0x0E4C0
1574	0xC0E7	재	0x727	F2 27	0x0E4E0
1575	0xC0E8	잭	0x728	F2 28	0x0E500
1576	0xC0E9	잰	0x729	F2 29	0x0E520
1577	0xC0EA	잴	0x72A	F2 2A	0x0E540
1578	0xC0EB	잼	0x72B	F2 2B	0x0E560
1579	0xC0EC	잽	0x72C	F2 2C	0x0E580
1580	0xC0ED	잿	0x72D	F2 2D	0x0E5A0
1581	0xC0EE	쟀	0x72E	F2 2E	0x0E5C0
1582	0xC0EF	쟁	0x72F	F2 2F	0x0E5E0
1583	0xC0F0	쟈	0x730	F2 30	0x0E600
1584	0xC0F1	쟉	0x731	F2 31	0x0E620
1585	0xC0F2	쟌	0x732	F2 32	0x0E640
1586	0xC0F3	쟎	0x733	F2 33	0x0E660
1587	0xC0F4	쟐	0x734	F2 34	0x0E680
1588	0xC0F5	쟘	0x735	F2 35	0x0E6A0
1589	0xC0F6	쟝	0x736	F2 36	0x0E6C0
1590	0xC0F7	쟤	0x737	F2 37	0x0E6E0
1591	0xC0F8	쟨	0x738	F2 38	0x0E700
1592	0xC0F9	쟬	0x739	F2 39	0x0E720
1593	0xC0FA	저	0x73A	F2 3A	0x0E740
1594	0xC0FB	적	0x73B	F2 3B	0x0E760
1595	0xC0FC	전	0x73C	F2 3C	0x0E780
1596	0xC0FD	절	0x73D	F2 3D	0x0E7A0
1597	0xC0FE	젊	0x73E	F2 3E	0x0E7C0
1598	0xC1A1	점	0x73F	F2 3F	0x0E7E0
1599	0xC1A2	접	0x740	F2 40	0x0E800
1600	0xC1A3	젓	0x741	F2 41	0x0E820
1601	0xC1A4	정	0x742	F2 42	0x0E840
1602	0xC1A5	젖	0x743	F2 43	0x0E860
1603	0xC1A6	제	0x744	F2 44	0x0E880
1604	0xC1A7	젝	0x745	F2 45	0x0E8A0
1605	0xC1A8	젠	0x746	F2 46	0x0E8C0
1606	0xC1A9	젤	0x747	F2 47	0x0E8E0
1607	0xC1AA	젬	0x748	F2 48	0x0E900
1608	0xC1AB	젭	0x749	F2 49	0x0E920
1609	0xC1AC	젯	0x74A	F2 4A	0x0E940
1610	0xC1AD	젱	0x74B	F2 4B	0x0E960
1611	0xC1AE	져	0x74C	F2 4C	0x0E980
1612	0xC1AF	젼	0x74D	F2 4D	0x0E9A0
1613	0xC1B0	졀	0x74E	F2 4E	0x0E9C0
1614	0xC1B1	졈	0x74F	F2 4F	0x0E9E0
1615	0xC1B2	졉	0x750	F2 50	0x0EA00
1616	0xC1B3	졌	0x751	F2 51	0x0EA20
1617	0xC1B4	졍	0x752	F2 52	0x0EA40
1618	0xC1B5	졔	0x753	F2 53	0x0EA60
1619	0xC1B6	조	0x754	F2 54	0x0EA80
1620	0xC1B7	족	0x755	F2 55	0x0EAA0
1621	0xC1B8	존	0x756	F2 56	0x0EAC0
1622	0xC1B9	졸	0x757	F2 57	0x0EAE0
1623	0xC1BA	졺	0x758	F2 58	0x0EB00
1624	0xC1BB	좀	0x759	F2 59	0x0EB20
1625	0xC1BC	좁	0x75A	F2 5A	0x0EB40
1626	0xC1BD	좃	0x75B	F2 5B	0x0EB60
1627	0xC1BE	종	0x75C	F2 5C	0x0EB80
1628	0xC1BF	좆	0x75D	F2 5D	0x0EBA0
1629	0xC1C0	좇	0x75E	F2 5E	0x0EBC0
1630	0xC1C1	좋	0x75F	F2 5F	0x0EBE0
1631	0xC1C2	좌	0x760	F2 60	0x0EC00
1632	0xC1C3	좍	0x761	F2 61	0x0EC20
1633	0xC1C4	좔	0x762	F2 62	0x0EC40
1634	0xC1C5	좝	0x763	F2 63	0x0EC60
1635	0xC1C6	좟	0x764	F2 64	0x0EC80
1636	0xC1C7	좡	0x765	F2 65	0x0ECA0
1637	0xC1C8	좨	0x766	F2 66	0x0ECC0
1638	0xC1C9	좼	0x767	F2 67	0x0ECE0
1639	0xC1CA	좽	0x768	F2 68	0x0ED00
1640	0xC1CB	죄	0x769	F2 69	0x0ED20
1641	0xC1CC	죈	0x76A	F2 6A	0x0ED40
1642	0xC1CD	죌	0x76B	F2 6B	0x0ED60
1643	0xC1CE	죔	0x76C	F2 6C	0x0ED80
1644	0xC1CF	죕	0x76D	F2 6D	0x0EDA0
1645	0xC1D0	죗	0x76E	F2 6E	0x0EDC0
1646	0xC1D1	죙	0x76F	F2 6F	0x0EDE0
1647	0xC1D2	죠	0x770	F2 70	0x0EE00
1648	0xC1D3	죡	0x771	F2 71	0x0EE20
1649	0xC1D4	죤	0x772	F2 72	0x0EE40
1650	0xC1D5	죵	0x773	F2 73	0x0EE60
1651	0xC1D6	주	0x774	F2 74	0x0EE80
1652	0xC1D7	죽	0x775	F2 75	0x0EEA0
1653	0xC1D8	준	0x776	F2 76	0x0EEC0
1654	0xC1D9	줄	0x777	F2 77	0x0EEE0
1655	0xC1DA	줅	0x778	F2 78	0x0EF00
1656	0xC1DB	줆	0x779	F2 79	0x0EF20
1657	0xC1DC	줌	0x77A	F2 7A	0x0EF40
1658	0xC1DD	줍	0x77B	F2 7B	0x0EF60
1659	0xC1DE	줏	0x77C	F2 7C	0x0EF80
1660	0xC1DF	중	0x77D	F2 7D	0x0EFA0
1661	0xC1E0	줘	0x77E	F2 7E	0x0EFC0
1662	0xC1E1	줬	0x77F	F2 7F	0x0EFE0
1663	0xC1E2	줴	0x780	F2 80	0x0F000
1664	0xC1E3	쥐	0x781	F2 81	0x0F020
1665	0xC1E4	쥑	0x782	F2 82	0x0F040
1666	0xC1E5	쥔	0x783	F2 83	0x0F060
1667	0xC1E6	쥘	0x784	F2 84	0x0F080
1668	0xC1E7	쥠	0x785	F2 85	0x0F0A0
1669	0xC1E8	쥡	0x786	F2 86	0x0F0C0
1670	0xC1E9	쥣	0x787	F2 87	0x0F0E0
1671	0xC1EA	쥬	0x788	F2 88	0x0F100
1672	0xC1EB	쥰	0x789	F2 89	0x0F120
1673	0xC1EC	쥴	0x78A	F2 8A	0x0F140
1674	0xC1ED	쥼	0x78B	F2 8B	0x0F160
1675	0xC1EE	즈	0x78C	F2 8C	0x0F180
1676	0xC1EF	즉	0x78D	F2 8D	0x0F1A0
1677	0xC1F0	즌	0x78E	F2 8E	0x0F1C0
1678	0xC1F1	즐	0x78F	F2 8F	0x0F1E0
1679	0xC1F2	즘	0x790	F2 90	0x0F200
1680	0xC1F3	즙	0x791	F2 91	0x0F220
1681	0xC1F4	즛	0x792	F2 92	0x0F240
1682	0xC1F5	증	0x793	F2 93	0x0F260
1683	0xC1F6	지	0x794	F2 94	0x0F280
1684	0xC1F7	직	0x795	F2 95	0x0F2A0
1685	0xC1F8	진	0x796	F2 96	0x0F2C0
1686	0xC1F9	짇	0x797	F2 97	0x0F2E0
1687	0xC1FA	질	0x798	F2 98	0x0F300
1688	0xC1FB	짊	0x799	F2 99	0x0F320
1689	0xC1FC	짐	0x79A	F2 9A	0x0F340
1690	0xC1FD	집	0x79B	F2 9B	0x0F360
1691	0xC1FE	짓	0x79C	F2 9C	0x0F380
1692	0xC2A1	징	0x79D	F2 9D	0x0F3A0
1693	0xC2A2	짖	0x79E	F2 9E	0x0F3C0
1694	0xC2A3	짙	0x79F	F2 9F	0x0F3E0
1695	0xC2A4	짚	0x7A0	F2 A0	0x0F400
1696	0xC2A5	짜	0x7A1	F2 A1	0x0F420
1697	0xC2A6	짝	0x7A2	F2 A2	0x0F440
1698	0xC2A7	짠	0x7A3	F2 A3	0x0F460
1699	0xC2A8	짢	0x7A4	F2 A4	0x0F480
1700	0xC2A9	짤	0x7A5	F2 A5	0x0F4A0
1701	0xC2AA	짧	0x7A6	F2 A6	0x0F4C0
1702	0xC2AB	짬	0x7A7	F2 A7	0x0F4E0
1703	0xC2AC	짭	0x7A8	F2 A8	0x0F500
1704	0xC2AD	짯	0x7A9	F2 A9	0x0F520
1705	0xC2AE	짰	0x7AA	F2 AA	0x0F540
1706	0xC2AF	짱	0x7AB	F2 AB	0x0F560
1707	0xC2B0	째	0x7AC	F2 AC	0x0F580
1708	0xC2B1	짹	0x7AD	F2 AD	0x0F5A0
1709	0xC2B2	짼	0x7AE	F2 AE	0x0F5C0
1710	0xC2B3	쨀	0x7AF	F2 AF	0x0F5E0
1711	0xC2B4	쨈	0x7B0	F2 B0	0x0F600
1712	0xC2B5	쨉	0x7B1	F2 B1	0x0F620
1713	0xC2B6	쨋	0x7B2	F2 B2	0x0F640
1714	0xC2B7	쨌	0x7B3	F2 B3	0x0F660
1715	0xC2B8	쨍	0x7B4	F2 B4	0x0F680
1716	0xC2B9	쨔	0x7B5	F2 B5	0x0F6A0
1717	0xC2BA	쨘	0x7B6	F2 B6	0x0F6C0
1718	0xC2BB	쨩	0x7B7	F2 B7	0x0F6E0
1719	0xC2BC	쩌	0x7B8	F2 B8	0x0F700
1720	0xC2BD	쩍	0x7B9	F2 B9	0x0F720
1721	0xC2BE	쩐	0x7BA	F2 BA	0x0F740
1722	0xC2BF	쩔	0x7BB	F2 BB	0x0F760
1723	0xC2C0	쩜	0x7BC	F2 BC	0x0F780
1724	0xC2C1	쩝	0x7BD	F2 BD	0x0F7A0
1725	0xC2C2	쩟	0x7BE	F2 BE	0x0F7C0
1726	0xC2C3	쩠	0x7BF	F2 BF	0x0F7E0
1727	0xC2C4	쩡	0x7C0	F2 C0	0x0F800
1728	0xC2C5	쩨	0x7C1	F2 C1	0x0F820
1729	0xC2C6	쩽	0x7C2	F2 C2	0x0F840
1730	0xC2C7	쪄	0x7C3	F2 C3	0x0F860
1731	0xC2C8	쪘	0x7C4	F2 C4	0x0F880
1732	0xC2C9	쪼	0x7C5	F2 C5	0x0F8A0
1733	0xC2CA	쪽	0x7C6	F2 C6	0x0F8C0
1734	0xC2CB	쫀	0x7C7	F2 C7	0x0F8E0
1735	0xC2CC	쫄	0x7C8	F2 C8	0x0F900
1736	0xC2CD	쫌	0x7C9	F2 C9	0x0F920
1737	0xC2CE	쫍	0x7CA	F2 CA	0x0F940
1738	0xC2CF	쫏	0x7CB	F2 CB	0x0F960
1739	0xC2D0	쫑	0x7CC	F2 CC	0x0F980
1740	0xC2D1	쫓	0x7CD	F2 CD	0x0F9A0
1741	0xC2D2	쫘	0x7CE	F2 CE	0x0F9C0
1742	0xC2D3	쫙	0x7CF	F2 CF	0x0F9E0
1743	0xC2D4	쫠	0x7D0	F2 D0	0x0FA00
1744	0xC2D5	쫬	0x7D1	F2 D1	0x0FA20
1745	0xC2D6	쫴	0x7D2	F2 D2	0x0FA40
1746	0xC2D7	쬈	0x7D3	F2 D3	0x0FA60
1747	0xC2D8	쬐	0x7D4	F2 D4	0x0FA80
1748	0xC2D9	쬔	0x7D5	F2 D5	0x0FAA0
1749	0xC2DA	쬘	0x7D6	F2 D6	0x0FAC0
1750	0xC2DB	쬠	0x7D7	F2 D7	0x0FAE0
1751	0xC2DC	쬡	0x7D8	F2 D8	0x0FB00
1752	0xC2DD	쭁	0x7D9	F2 D9	0x0FB20
1753	0xC2DE	쭈	0x7DA	F2 DA	0x0FB40
1754	0xC2DF	쭉	0x7DB	F2 DB	0x0FB60
1755	0xC2E0	쭌	0x7DC	F2 DC	0x0FB80
1756	0xC2E1	쭐	0x7DD	F2 DD	0x0FBA0
1757	0xC2E2	쭘	0x7DE	F2 DE	0x0FBC0
1758	0xC2E3	쭙	0x7DF	F2 DF	0x0FBE0
1759	0xC2E4	쭝	0x7E0	F2 E0	0x0FC00
1760	0xC2E5	쭤	0x7E1	F2 E1	0x0FC20
1761	0xC2E6	쭸	0x7E2	F2 E2	0x0FC40
1762	0xC2E7	쭹	0x7E3	F2 E3	0x0FC60
1763	0xC2E8	쮜	0x7E4	F2 E4	0x0FC80
1764	0xC2E9	쮸	0x7E5	F2 E5	0x0FCA0
1765	0xC2EA	쯔	0x7E6	F2 E6	0x0FCC0
1766	0xC2EB	쯤	0x7E7	F2 E7	0x0FCE0
1767	0xC2EC	쯧	0x7E8	F2 E8	0x0FD00
1768	0xC2ED	쯩	0x7E9	F2 E9	0x0FD20
1769	0xC2EE	찌	0x7EA	F2 EA	0x0FD40
1770	0xC2EF	찍	0x7EB	F2 EB	0x0FD60
1771	0xC2F0	찐	0x7EC	F2 EC	0x0FD80
1772	0xC2F1	찔	0x7ED	F2 ED	0x0FDA0
1773	0xC2F2	찜	0x7EE	F2 EE	0x0FDC0
1774	0xC2F3	찝	0x7EF	F2 EF	0x0FDE0
1775	0xC2F4	찡	0x7F0	F2 F0	0x0FE00
1776	0xC2F5	찢	0x7F1	F2 F1	0x0FE20
1777	0xC2F6	찧	0x7F2	F2 F2	0x0FE40
1778	0xC2F7	차	0x7F3	F2 F3	0x0FE60
1779	0xC2F8	착	0x7F4	F2 F4	0x0FE80
1780	0xC2F9	찬	0x7F5	F2 F5	0x0FEA0
1781	0xC2FA	찮	0x7F6	F2 F6	0x0FEC0
1782	0xC2FB	찰	0x7F7	F2 F7	0x0FEE0
1783	0xC2FC	참	0x7F8	F2 F8	0x0FF00
1784	0xC2FD	찹	0x7F9	F2 F9	0x0FF20
1785	0xC2FE	찻	0x7FA	F2 FA	0x0FF40
1786	0xC3A1	찼	0x7FB	F2 FB	0x0FF60
1787	0xC3A2	창	0x7FC	F2 FC	0x0FF80
1788	0xC3A3	찾	0x7FD	F2 FD	0x0FFA0
1789	0xC3A4	채	0x7FE	F2 FE	0x0FFC0
1790	0xC3A5	책	0x7FF	F2 FF	0x0FFE0
1791	0xC3A6	챈	0x800	F3 00	0x10000
1792	0xC3A7	챌	0x801	F3 01	0x10020
1793	0xC3A8	챔	0x802	F3 02	0x10040
1794	0xC3A9	챕	0x803	F3 03	0x10060
1795	0xC3AA	챗	0x804	F3 04	0x10080
1796	0xC3AB	챘	0x805	F3 05	0x100A0
1797	0xC3AC	챙	0x806	F3 06	0x100C0
1798	0xC3AD	챠	0x807	F3 07	0x100E0
1799	0xC3AE	챤	0x808	F3 08	0x10100
1800	0xC3AF	챦	0x809	F3 09	0x10120
1801	0xC3B0	챨	0x80A	F3 0A	0x10140
1802	0xC3B1	챰	0x80B	F3 0B	0x10160
1803	0xC3B2	챵	0x80C	F3 0C	0x10180
1804	0xC3B3	처	0x80D	F3 0D	0x101A0
1805	0xC3B4	척	0x80E	F3 0E	0x101C0
1806	0xC3B5	천	0x80F	F3 0F	0x101E0
1807	0xC3B6	철	0x810	F3 10	0x10200
1808	0xC3B7	첨	0x811	F3 11	0x10220
1809	0xC3B8	첩	0x812	F3 12	0x10240
1810	0xC3B9	첫	0x813	F3 13	0x10260
1811	0xC3BA	첬	0x814	F3 14	0x10280
1812	0xC3BB	청	0x815	F3 15	0x102A0
1813	0xC3BC	체	0x816	F3 16	0x102C0
1814	0xC3BD	첵	0x817	F3 17	0x102E0
1815	0xC3BE	첸	0x818	F3 18	0x10300
1816	0xC3BF	첼	0x819	F3 19	0x10320
1817	0xC3C0	쳄	0x81A	F3 1A	0x10340
1818	0xC3C1	쳅	0x81B	F3 1B	0x10360
1819	0xC3C2	쳇	0x81C	F3 1C	0x10380
1820	0xC3C3	쳉	0x81D	F3 1D	0x103A0
1821	0xC3C4	쳐	0x81E	F3 1E	0x103C0
1822	0xC3C5	쳔	0x81F	F3 1F	0x103E0
1823	0xC3C6	쳤	0x820	F3 20	0x10400
1824	0xC3C7	쳬	0x821	F3 21	0x10420
1825	0xC3C8	쳰	0x822	F3 22	0x10440
1826	0xC3C9	촁	0x823	F3 23	0x10460
1827	0xC3CA	초	0x824	F3 24	0x10480
1828	0xC3CB	촉	0x825	F3 25	0x104A0
1829	0xC3CC	촌	0x826	F3 26	0x104C0
1830	0xC3CD	촐	0x827	F3 27	0x104E0
1831	0xC3CE	촘	0x828	F3 28	0x10500
1832	0xC3CF	촙	0x829	F3 29	0x10520
1833	0xC3D0	촛	0x82A	F3 2A	0x10540
1834	0xC3D1	총	0x82B	F3 2B	0x10560
1835	0xC3D2	촤	0x82C	F3 2C	0x10580
1836	0xC3D3	촨	0x82D	F3 2D	0x105A0
1837	0xC3D4	촬	0x82E	F3 2E	0x105C0
1838	0xC3D5	촹	0x82F	F3 2F	0x105E0
1839	0xC3D6	최	0x830	F3 30	0x10600
1840	0xC3D7	쵠	0x831	F3 31	0x10620
1841	0xC3D8	쵤	0x832	F3 32	0x10640
1842	0xC3D9	쵬	0x833	F3 33	0x10660
1843	0xC3DA	쵭	0x834	F3 34	0x10680
1844	0xC3DB	쵯	0x835	F3 35	0x106A0
1845	0xC3DC	쵱	0x836	F3 36	0x106C0
1846	0xC3DD	쵸	0x837	F3 37	0x106E0
1847	0xC3DE	춈	0x838	F3 38	0x10700
1848	0xC3DF	추	0x839	F3 39	0x10720
1849	0xC3E0	축	0x83A	F3 3A	0x10740
1850	0xC3E1	춘	0x83B	F3 3B	0x10760
1851	0xC3E2	출	0x83C	F3 3C	0x10780
1852	0xC3E3	춤	0x83D	F3 3D	0x107A0
1853	0xC3E4	춥	0x83E	F3 3E	0x107C0
1854	0xC3E5	춧	0x83F	F3 3F	0x107E0
1855	0xC3E6	충	0x840	F3 40	0x10800
1856	0xC3E7	춰	0x841	F3 41	0x10820
1857	0xC3E8	췄	0x842	F3 42	0x10840
1858	0xC3E9	췌	0x843	F3 43	0x10860
1859	0xC3EA	췐	0x844	F3 44	0x10880
1860	0xC3EB	취	0x845	F3 45	0x108A0
1861	0xC3EC	췬	0x846	F3 46	0x108C0
1862	0xC3ED	췰	0x847	F3 47	0x108E0
1863	0xC3EE	췸	0x848	F3 48	0x10900
1864	0xC3EF	췹	0x849	F3 49	0x10920
1865	0xC3F0	췻	0x84A	F3 4A	0x10940
1866	0xC3F1	췽	0x84B	F3 4B	0x10960
1867	0xC3F2	츄	0x84C	F3 4C	0x10980
1868	0xC3F3	츈	0x84D	F3 4D	0x109A0
1869	0xC3F4	츌	0x84E	F3 4E	0x109C0
1870	0xC3F5	츔	0x84F	F3 4F	0x109E0
1871	0xC3F6	츙	0x850	F3 50	0x10A00
1872	0xC3F7	츠	0x851	F3 51	0x10A20
1873	0xC3F8	측	0x852	F3 52	0x10A40
1874	0xC3F9	츤	0x853	F3 53	0x10A60
1875	0xC3FA	츨	0x854	F3 54	0x10A80
1876	0xC3FB	츰	0x855	F3 55	0x10AA0
1877	0xC3FC	츱	0x856	F3 56	0x10AC0
1878	0xC3FD	츳	0x857	F3 57	0x10AE0
1879	0xC3FE	층	0x858	F3 58	0x10B00
1880	0xC4A1	치	0x859	F3 59	0x10B20
1881	0xC4A2	칙	0x85A	F3 5A	0x10B40
1882	0xC4A3	친	0x85B	F3 5B	0x10B60
1883	0xC4A4	칟	0x85C	F3 5C	0x10B80
1884	0xC4A5	칠	0x85D	F3 5D	0x10BA0
1885	0xC4A6	칡	0x85E	F3 5E	0x10BC0
1886	0xC4A7	침	0x85F	F3 5F	0x10BE0
1887	0xC4A8	칩	0x860	F3 60	0x10C00
1888	0xC4A9	칫	0x861	F3 61	0x10C20
1889	0xC4AA	칭	0x862	F3 62	0x10C40
1890	0xC4AB	카	0x863	F3 63	0x10C60
1891	0xC4AC	칵	0x864	F3 64	0x10C80
1892	0xC4AD	칸	0x865	F3 65	0x10CA0
1893	0xC4AE	칼	0x866	F3 66	0x10CC0
1894	0xC4AF	캄	0x867	F3 67	0x10CE0
1895	0xC4B0	캅	0x868	F3 68	0x10D00
1896	0xC4B1	캇	0x869	F3 69	0x10D20
1897	0xC4B2	캉	0x86A	F3 6A	0x10D40
1898	0xC4B3	캐	0x86B	F3 6B	0x10D60
1899	0xC4B4	캑	0x86C	F3 6C	0x10D80
1900	0xC4B5	캔	0x86D	F3 6D	0x10DA0
1901	0xC4B6	캘	0x86E	F3 6E	0x10DC0
1902	0xC4B7	캠	0x86F	F3 6F	0x10DE0
1903	0xC4B8	캡	0x870	F3 70	0x10E00
1904	0xC4B9	캣	0x871	F3 71	0x10E20
1905	0xC4BA	캤	0x872	F3 72	0x10E40
1906	0xC4BB	캥	0x873	F3 73	0x10E60
1907	0xC4BC	캬	0x874	F3 74	0x10E80
1908	0xC4BD	캭	0x875	F3 75	0x10EA0
1909	0xC4BE	컁	0x876	F3 76	0x10EC0
1910	0xC4BF	커	0x877	F3 77	0x10EE0
1911	0xC4C0	컥	0x878	F3 78	0x10F00
1912	0xC4C1	컨	0x879	F3 79	0x10F20
1913	0xC4C2	컫	0x87A	F3 7A	0x10F40
1914	0xC4C3	컬	0x87B	F3 7B	0x10F60
1915	0xC4C4	컴	0x87C	F3 7C	0x10F80
1916	0xC4C5	컵	0x87D	F3 7D	0x10FA0
1917	0xC4C6	컷	0x87E	F3 7E	0x10FC0
1918	0xC4C7	컸	0x87F	F3 7F	0x10FE0
1919	0xC4C8	컹	0x880	F3 80	0x11000
1920	0xC4C9	케	0x881	F3 81	0x11020
1921	0xC4CA	켁	0x882	F3 82	0x11040
1922	0xC4CB	켄	0x883	F3 83	0x11060
1923	0xC4CC	켈	0x884	F3 84	0x11080
1924	0xC4CD	켐	0x885	F3 85	0x110A0
1925	0xC4CE	켑	0x886	F3 86	0x110C0
1926	0xC4CF	켓	0x887	F3 87	0x110E0
1927	0xC4D0	켕	0x888	F3 88	0x11100
1928	0xC4D1	켜	0x889	F3 89	0x11120
1929	0xC4D2	켠	0x88A	F3 8A	0x11140
1930	0xC4D3	켤	0x88B	F3 8B	0x11160
1931	0xC4D4	켬	0x88C	F3 8C	0x11180
1932	0xC4D5	켭	0x88D	F3 8D	0x111A0
1933	0xC4D6	켯	0x88E	F3 8E	0x111C0
1934	0xC4D7	켰	0x88F	F3 8F	0x111E0
1935	0xC4D8	켱	0x890	F3 90	0x11200
1936	0xC4D9	켸	0x891	F3 91	0x11220
1937	0xC4DA	코	0x892	F3 92	0x11240
1938	0xC4DB	콕	0x893	F3 93	0x11260
1939	0xC4DC	콘	0x894	F3 94	0x11280
1940	0xC4DD	콜	0x895	F3 95	0x112A0
1941	0xC4DE	콤	0x896	F3 96	0x112C0
1942	0xC4DF	콥	0x897	F3 97	0x112E0
1943	0xC4E0	콧	0x898	F3 98	0x11300
1944	0xC4E1	콩	0x899	F3 99	0x11320
1945	0xC4E2	콰	0x89A	F3 9A	0x11340
1946	0xC4E3	콱	0x89B	F3 9B	0x11360
1947	0xC4E4	콴	0x89C	F3 9C	0x11380
1948	0xC4E5	콸	0x89D	F3 9D	0x113A0
1949	0xC4E6	쾀	0x89E	F3 9E	0x113C0
1950	0xC4E7	쾅	0x89F	F3 9F	0x113E0
1951	0xC4E8	쾌	0x8A0	F3 A0	0x11400
1952	0xC4E9	쾡	0x8A1	F3 A1	0x11420
1953	0xC4EA	쾨	0x8A2	F3 A2	0x11440
1954	0xC4EB	쾰	0x8A3	F3 A3	0x11460
1955	0xC4EC	쿄	0x8A4	F3 A4	0x11480
1956	0xC4ED	쿠	0x8A5	F3 A5	0x114A0
1957	0xC4EE	쿡	0x8A6	F3 A6	0x114C0
1958	0xC4EF	쿤	0x8A7	F3 A7	0x114E0
1959	0xC4F0	쿨	0x8A8	F3 A8	0x11500
1960	0xC4F1	쿰	0x8A9	F3 A9	0x11520
1961	0xC4F2	쿱	0x8AA	F3 AA	0x11540
1962	0xC4F3	쿳	0x8AB	F3 AB	0x11560
1963	0xC4F4	쿵	0x8AC	F3 AC	0x11580
1964	0xC4F5	쿼	0x8AD	F3 AD	0x115A0
1965	0xC4F6	퀀	0x8AE	F3 AE	0x115C0
1966	0xC4F7	퀄	0x8AF	F3 AF	0x115E0
1967	0xC4F8	퀑	0x8B0	F3 B0	0x11600
1968	0xC4F9	퀘	0x8B1	F3 B1	0x11620
1969	0xC4FA	퀭	0x8B2	F3 B2	0x11640
1970	0xC4FB	퀴	0x8B3	F3 B3	0x11660
1971	0xC4FC	퀵	0x8B4	F3 B4	0x11680
1972	0xC4FD	퀸	0x8B5	F3 B5	0x116A0
1973	0xC4FE	퀼	0x8B6	F3 B6	0x116C0
1974	0xC5A1	큄	0x8B7	F3 B7	0x116E0
1975	0xC5A2	큅	0x8B8	F3 B8	0x11700
1976	0xC5A3	큇	0x8B9	F3 B9	0x11720
1977	0xC5A4	큉	0x8BA	F3 BA	0x11740
1978	0xC5A5	큐	0x8BB	F3 BB	0x11760
1979	0xC5A6	큔	0x8BC	F3 BC	0x11780
1980	0xC5A7	큘	0x8BD	F3 BD	0x117A0
1981	0xC5A8	큠	0x8BE	F3 BE	0x117C0
1982	0xC5A9	크	0x8BF	F3 BF	0x117E0
1983	0xC5AA	큭	0x8C0	F3 C0	0x11800
1984	0xC5AB	큰	0x8C1	F3 C1	0x11820
1985	0xC5AC	클	0x8C2	F3 C2	0x11840
1986	0xC5AD	큼	0x8C3	F3 C3	0x11860
1987	0xC5AE	큽	0x8C4	F3 C4	0x11880
1988	0xC5AF	킁	0x8C5	F3 C5	0x118A0
1989	0xC5B0	키	0x8C6	F3 C6	0x118C0
1990	0xC5B1	킥	0x8C7	F3 C7	0x118E0
1991	0xC5B2	킨	0x8C8	F3 C8	0x11900
1992	0xC5B3	킬	0x8C9	F3 C9	0x11920
1993	0xC5B4	킴	0x8CA	F3 CA	0x11940
1994	0xC5B5	킵	0x8CB	F3 CB	0x11960
1995	0xC5B6	킷	0x8CC	F3 CC	0x11980
1996	0xC5B7	킹	0x8CD	F3 CD	0x119A0
1997	0xC5B8	타	0x8CE	F3 CE	0x119C0
1998	0xC5B9	탁	0x8CF	F3 CF	0x119E0
1999	0xC5BA	탄	0x8D0	F3 D0	0x11A00
2000	0xC5BB	탈	0x8D1	F3 D1	0x11A20
2001	0xC5BC	탉	0x8D2	F3 D2	0x11A40
2002	0xC5BD	탐	0x8D3	F3 D3	0x11A60
2003	0xC5BE	탑	0x8D4	F3 D4	0x11A80
2004	0xC5BF	탓	0x8D5	F3 D5	0x11AA0
2005	0xC5C0	탔	0x8D6	F3 D6	0x11AC0
2006	0xC5C1	탕	0x8D7	F3 D7	0x11AE0
2007	0xC5C2	태	0x8D8	F3 D8	0x11B00
2008	0xC5C3	택	0x8D9	F3 D9	0x11B20
2009	0xC5C4	탠	0x8DA	F3 DA	0x11B40
2010	0xC5C5	탤	0x8DB	F3 DB	0x11B60
2011	0xC5C6	탬	0x8DC	F3 DC	0x11B80
2012	0xC5C7	탭	0x8DD	F3 DD	0x11BA0
2013	0xC5C8	탯	0x8DE	F3 DE	0x11BC0
2014	0xC5C9	탰	0x8DF	F3 DF	0x11BE0
2015	0xC5CA	탱	0x8E0	F3 E0	0x11C00
2016	0xC5CB	탸	0x8E1	F3 E1	0x11C20
2017	0xC5CC	턍	0x8E2	F3 E2	0x11C40
2018	0xC5CD	터	0x8E3	F3 E3	0x11C60
2019	0xC5CE	턱	0x8E4	F3 E4	0x11C80
2020	0xC5CF	턴	0x8E5	F3 E5	0x11CA0
2021	0xC5D0	털	0x8E6	F3 E6	0x11CC0
2022	0xC5D1	턺	0x8E7	F3 E7	0x11CE0
2023	0xC5D2	텀	0x8E8	F3 E8	0x11D00
2024	0xC5D3	텁	0x8E9	F3 E9	0x11D20
2025	0xC5D4	텃	0x8EA	F3 EA	0x11D40
2026	0xC5D5	텄	0x8EB	F3 EB	0x11D60
2027	0xC5D6	텅	0x8EC	F3 EC	0x11D80
2028	0xC5D7	테	0x8ED	F3 ED	0x11DA0
2029	0xC5D8	텍	0x8EE	F3 EE	0x11DC0
2030	0xC5D9	텐	0x8EF	F3 EF	0x11DE0
2031	0xC5DA	텔	0x8F0	F3 F0	0x11E00
2032	0xC5DB	템	0x8F1	F3 F1	0x11E20
2033	0xC5DC	텝	0x8F2	F3 F2	0x11E40
2034	0xC5DD	텟	0x8F3	F3 F3	0x11E60
2035	0xC5DE	텡	0x8F4	F3 F4	0x11E80
2036	0xC5DF	텨	0x8F5	F3 F5	0x11EA0
2037	0xC5E0	텬	0x8F6	F3 F6	0x11EC0
2038	0xC5E1	텼	0x8F7	F3 F7	0x11EE0
2039	0xC5E2	톄	0x8F8	F3 F8	0x11F00
2040	0xC5E3	톈	0x8F9	F3 F9	0x11F20
2041	0xC5E4	토	0x8FA	F3 FA	0x11F40
2042	0xC5E5	톡	0x8FB	F3 FB	0x11F60
2043	0xC5E6	톤	0x8FC	F3 FC	0x11F80
2044	0xC5E7	톨	0x8FD	F3 FD	0x11FA0
2045	0xC5E8	톰	0x8FE	F3 FE	0x11FC0
2046	0xC5E9	톱	0x8FF	F3 FF	0x11FE0
2047	0xC5EA	톳	0x900	F4 00	0x12000
2048	0xC5EB	통	0x901	F4 01	0x12020
2049	0xC5EC	톺	0x902	F4 02	0x12040
2050	0xC5ED	톼	0x903	F4 03	0x12060
2051	0xC5EE	퇀	0x904	F4 04	0x12080
2052	0xC5EF	퇘	0x905	F4 05	0x120A0
2053	0xC5F0	퇴	0x906	F4 06	0x120C0
2054	0xC5F1	퇸	0x907	F4 07	0x120E0
2055	0xC5F2	툇	0x908	F4 08	0x12100
2056	0xC5F3	툉	0x909	F4 09	0x12120
2057	0xC5F4	툐	0x90A	F4 0A	0x12140
2058	0xC5F5	투	0x90B	F4 0B	0x12160
2059	0xC5F6	툭	0x90C	F4 0C	0x12180
2060	0xC5F7	툰	0x90D	F4 0D	0x121A0
2061	0xC5F8	툴	0x90E	F4 0E	0x121C0
2062	0xC5F9	툼	0x90F	F4 0F	0x121E0
2063	0xC5FA	툽	0x910	F4 10	0x12200
2064	0xC5FB	툿	0x911	F4 11	0x12220
2065	0xC5FC	퉁	0x912	F4 12	0x12240
2066	0xC5FD	퉈	0x913	F4 13	0x12260
2067	0xC5FE	퉜	0x914	F4 14	0x12280
2068	0xC6A1	퉤	0x915	F4 15	0x122A0
2069	0xC6A2	튀	0x916	F4 16	0x122C0
2070	0xC6A3	튁	0x917	F4 17	0x122E0
2071	0xC6A4	튄	0x918	F4 18	0x12300
2072	0xC6A5	튈	0x919	F4 19	0x12320
2073	0xC6A6	튐	0x91A	F4 1A	0x12340
2074	0xC6A7	튑	0x91B	F4 1B	0x12360
2075	0xC6A8	튕	0x91C	F4 1C	0x12380
2076	0xC6A9	튜	0x91D	F4 1D	0x123A0
2077	0xC6AA	튠	0x91E	F4 1E	0x123C0
2078	0xC6AB	튤	0x91F	F4 1F	0x123E0
2079	0xC6AC	튬	0x920	F4 20	0x12400
2080	0xC6AD	튱	0x921	F4 21	0x12420
2081	0xC6AE	트	0x922	F4 22	0x12440
2082	0xC6AF	특	0x923	F4 23	0x12460
2083	0xC6B0	튼	0x924	F4 24	0x12480
2084	0xC6B1	튿	0x925	F4 25	0x124A0
2085	0xC6B2	틀	0x926	F4 26	0x124C0
2086	0xC6B3	틂	0x927	F4 27	0x124E0
2087	0xC6B4	틈	0x928	F4 28	0x12500
2088	0xC6B5	틉	0x929	F4 29	0x12520
2089	0xC6B6	틋	0x92A	F4 2A	0x12540
2090	0xC6B7	틔	0x92B	F4 2B	0x12560
2091	0xC6B8	틘	0x92C	F4 2C	0x12580
2092	0xC6B9	틜	0x92D	F4 2D	0x125A0
2093	0xC6BA	틤	0x92E	F4 2E	0x125C0
2094	0xC6BB	틥	0x92F	F4 2F	0x125E0
2095	0xC6BC	티	0x930	F4 30	0x12600
2096	0xC6BD	틱	0x931	F4 31	0x12620
2097	0xC6BE	틴	0x932	F4 32	0x12640
2098	0xC6BF	틸	0x933	F4 33	0x12660
2099	0xC6C0	팀	0x934	F4 34	0x12680
2100	0xC6C1	팁	0x935	F4 35	0x126A0
2101	0xC6C2	팃	0x936	F4 36	0x126C0
2102	0xC6C3	팅	0x937	F4 37	0x126E0
2103	0xC6C4	파	0x938	F4 38	0x12700
2104	0xC6C5	팍	0x939	F4 39	0x12720
2105	0xC6C6	팎	0x93A	F4 3A	0x12740
2106	0xC6C7	판	0x93B	F4 3B	0x12760
2107	0xC6C8	팔	0x93C	F4 3C	0x12780
2108	0xC6C9	팖	0x93D	F4 3D	0x127A0
2109	0xC6CA	팜	0x93E	F4 3E	0x127C0
2110	0xC6CB	팝	0x93F	F4 3F	0x127E0
2111	0xC6CC	팟	0x940	F4 40	0x12800
2112	0xC6CD	팠	0x941	F4 41	0x12820
2113	0xC6CE	팡	0x942	F4 42	0x12840
2114	0xC6CF	팥	0x943	F4 43	0x12860
2115	0xC6D0	패	0x944	F4 44	0x12880
2116	0xC6D1	팩	0x945	F4 45	0x128A0
2117	0xC6D2	팬	0x946	F4 46	0x128C0
2118	0xC6D3	팰	0x947	F4 47	0x128E0
2119	0xC6D4	팸	0x948	F4 48	0x12900
2120	0xC6D5	팹	0x949	F4 49	0x12920
2121	0xC6D6	팻	0x94A	F4 4A	0x12940
2122	0xC6D7	팼	0x94B	F4 4B	0x12960
2123	0xC6D8	팽	0x94C	F4 4C	0x12980
2124	0xC6D9	퍄	0x94D	F4 4D	0x129A0
2125	0xC6DA	퍅	0x94E	F4 4E	0x129C0
2126	0xC6DB	퍼	0x94F	F4 4F	0x129E0
2127	0xC6DC	퍽	0x950	F4 50	0x12A00
2128	0xC6DD	펀	0x951	F4 51	0x12A20
2129	0xC6DE	펄	0x952	F4 52	0x12A40
2130	0xC6DF	펌	0x953	F4 53	0x12A60
2131	0xC6E0	펍	0x954	F4 54	0x12A80
2132	0xC6E1	펏	0x955	F4 55	0x12AA0
2133	0xC6E2	펐	0x956	F4 56	0x12AC0
2134	0xC6E3	펑	0x957	F4 57	0x12AE0
2135	0xC6E4	페	0x958	F4 58	0x12B00
2136	0xC6E5	펙	0x959	F4 59	0x12B20
2137	0xC6E6	펜	0x95A	F4 5A	0x12B40
2138	0xC6E7	펠	0x95B	F4 5B	0x12B60
2139	0xC6E8	펨	0x95C	F4 5C	0x12B80
2140	0xC6E9	펩	0x95D	F4 5D	0x12BA0
2141	0xC6EA	펫	0x95E	F4 5E	0x12BC0
2142	0xC6EB	펭	0x95F	F4 5F	0x12BE0
2143	0xC6EC	펴	0x960	F4 60	0x12C00
2144	0xC6ED	편	0x961	F4 61	0x12C20
2145	0xC6EE	펼	0x962	F4 62	0x12C40
2146	0xC6EF	폄	0x963	F4 63	0x12C60
2147	0xC6F0	폅	0x964	F4 64	0x12C80
2148	0xC6F1	폈	0x965	F4 65	0x12CA0
2149	0xC6F2	평	0x966	F4 66	0x12CC0
2150	0xC6F3	폐	0x967	F4 67	0x12CE0
2151	0xC6F4	폘	0x968	F4 68	0x12D00
2152	0xC6F5	폡	0x969	F4 69	0x12D20
2153	0xC6F6	폣	0x96A	F4 6A	0x12D40
2154	0xC6F7	포	0x96B	F4 6B	0x12D60
2155	0xC6F8	폭	0x96C	F4 6C	0x12D80
2156	0xC6F9	폰	0x96D	F4 6D	0x12DA0
2157	0xC6FA	폴	0x96E	F4 6E	0x12DC0
2158	0xC6FB	폼	0x96F	F4 6F	0x12DE0
2159	0xC6FC	폽	0x970	F4 70	0x12E00
2160	0xC6FD	폿	0x971	F4 71	0x12E20
2161	0xC6FE	퐁	0x972	F4 72	0x12E40
2162	0xC7A1	퐈	0x973	F4 73	0x12E60
2163	0xC7A2	퐝	0x974	F4 74	0x12E80
2164	0xC7A3	푀	0x975	F4 75	0x12EA0
2165	0xC7A4	푄	0x976	F4 76	0x12EC0
2166	0xC7A5	표	0x977	F4 77	0x12EE0
2167	0xC7A6	푠	0x978	F4 78	0x12F00
2168	0xC7A7	푤	0x979	F4 79	0x12F20
2169	0xC7A8	푭	0x97A	F4 7A	0x12F40
2170	0xC7A9	푯	0x97B	F4 7B	0x12F60
2171	0xC7AA	푸	0x97C	F4 7C	0x12F80
2172	0xC7AB	푹	0x97D	F4 7D	0x12FA0
2173	0xC7AC	푼	0x97E	F4 7E	0x12FC0
2174	0xC7AD	푿	0x97F	F4 7F	0x12FE0
2175	0xC7AE	풀	0x980	F4 80	0x13000
2176	0xC7AF	풂	0x981	F4 81	0x13020
2177	0xC7B0	품	0x982	F4 82	0x13040
2178	0xC7B1	풉	0x983	F4 83	0x13060
2179	0xC7B2	풋	0x984	F4 84	0x13080
2180	0xC7B3	풍	0x985	F4 85	0x130A0
2181	0xC7B4	풔	0x986	F4 86	0x130C0
2182	0xC7B5	풩	0x987	F4 87	0x130E0
2183	0xC7B6	퓌	0x988	F4 88	0x13100
2184	0xC7B7	퓐	0x989	F4 89	0x13120
2185	0xC7B8	퓔	0x98A	F4 8A	0x13140
2186	0xC7B9	퓜	0x98B	F4 8B	0x13160
2187	0xC7BA	퓟	0x98C	F4 8C	0x13180
2188	0xC7BB	퓨	0x98D	F4 8D	0x131A0
2189	0xC7BC	퓬	0x98E	F4 8E	0x131C0
2190	0xC7BD	퓰	0x98F	F4 8F	0x131E0
2191	0xC7BE	퓸	0x990	F4 90	0x13200
2192	0xC7BF	퓻	0x991	F4 91	0x13220
2193	0xC7C0	퓽	0x992	F4 92	0x13240
2194	0xC7C1	프	0x993	F4 93	0x13260
2195	0xC7C2	픈	0x994	F4 94	0x13280
2196	0xC7C3	플	0x995	F4 95	0x132A0
2197	0xC7C4	픔	0x996	F4 96	0x132C0
2198	0xC7C5	픕	0x997	F4 97	0x132E0
2199	0xC7C6	픗	0x998	F4 98	0x13300
2200	0xC7C7	피	0x999	F4 99	0x13320
2201	0xC7C8	픽	0x99A	F4 9A	0x13340
2202	0xC7C9	핀	0x99B	F4 9B	0x13360
2203	0xC7CA	필	0x99C	F4 9C	0x13380
2204	0xC7CB	핌	0x99D	F4 9D	0x133A0
2205	0xC7CC	핍	0x99E	F4 9E	0x133C0
2206	0xC7CD	핏	0x99F	F4 9F	0x133E0
2207	0xC7CE	핑	0x9A0	F4 A0	0x13400
2208	0xC7CF	하	0x9A1	F4 A1	0x13420
2209	0xC7D0	학	0x9A2	F4 A2	0x13440
2210	0xC7D1	한	0x9A3	F4 A3	0x13460
2211	0xC7D2	할	0x9A4	F4 A4	0x13480
2212	0xC7D3	핥	0x9A5	F4 A5	0x134A0
2213	0xC7D4	함	0x9A6	F4 A6	0x134C0
2214	0xC7D5	합	0x9A7	F4 A7	0x134E0
2215	0xC7D6	핫	0x9A8	F4 A8	0x13500
2216	0xC7D7	항	0x9A9	F4 A9	0x13520
2217	0xC7D8	해	0x9AA	F4 AA	0x13540
2218	0xC7D9	핵	0x9AB	F4 AB	0x13560
2219	0xC7DA	핸	0x9AC	F4 AC	0x13580
2220	0xC7DB	핼	0x9AD	F4 AD	0x135A0
2221	0xC7DC	햄	0x9AE	F4 AE	0x135C0
2222	0xC7DD	햅	0x9AF	F4 AF	0x135E0
2223	0xC7DE	햇	0x9B0	F4 B0	0x13600
2224	0xC7DF	했	0x9B1	F4 B1	0x13620
2225	0xC7E0	행	0x9B2	F4 B2	0x13640
2226	0xC7E1	햐	0x9B3	F4 B3	0x13660
2227	0xC7E2	향	0x9B4	F4 B4	0x13680
2228	0xC7E3	허	0x9B5	F4 B5	0x136A0
2229	0xC7E4	헉	0x9B6	F4 B6	0x136C0
2230	0xC7E5	헌	0x9B7	F4 B7	0x136E0
2231	0xC7E6	헐	0x9B8	F4 B8	0x13700
2232	0xC7E7	헒	0x9B9	F4 B9	0x13720
2233	0xC7E8	험	0x9BA	F4 BA	0x13740
2234	0xC7E9	헙	0x9BB	F4 BB	0x13760
2235	0xC7EA	헛	0x9BC	F4 BC	0x13780
2236	0xC7EB	헝	0x9BD	F4 BD	0x137A0
2237	0xC7EC	헤	0x9BE	F4 BE	0x137C0
2238	0xC7ED	헥	0x9BF	F4 BF	0x137E0
2239	0xC7EE	헨	0x9C0	F4 C0	0x13800
2240	0xC7EF	헬	0x9C1	F4 C1	0x13820
2241	0xC7F0	헴	0x9C2	F4 C2	0x13840
2242	0xC7F1	헵	0x9C3	F4 C3	0x13860
2243	0xC7F2	헷	0x9C4	F4 C4	0x13880
2244	0xC7F3	헹	0x9C5	F4 C5	0x138A0
2245	0xC7F4	혀	0x9C6	F4 C6	0x138C0
2246	0xC7F5	혁	0x9C7	F4 C7	0x138E0
2247	0xC7F6	현	0x9C8	F4 C8	0x13900
2248	0xC7F7	혈	0x9C9	F4 C9	0x13920
2249	0xC7F8	혐	0x9CA	F4 CA	0x13940
2250	0xC7F9	협	0x9CB	F4 CB	0x13960
2251	0xC7FA	혓	0x9CC	F4 CC	0x13980
2252	0xC7FB	혔	0x9CD	F4 CD	0x139A0
2253	0xC7FC	형	0x9CE	F4 CE	0x139C0
2254	0xC7FD	혜	0x9CF	F4 CF	0x139E0
2255	0xC7FE	혠	0x9D0	F4 D0	0x13A00
2256	0xC8A1	혤	0x9D1	F4 D1	0x13A20
2257	0xC8A2	혭	0x9D2	F4 D2	0x13A40
2258	0xC8A3	호	0x9D3	F4 D3	0x13A60
2259	0xC8A4	혹	0x9D4	F4 D4	0x13A80
2260	0xC8A5	혼	0x9D5	F4 D5	0x13AA0
2261	0xC8A6	홀	0x9D6	F4 D6	0x13AC0
2262	0xC8A7	홅	0x9D7	F4 D7	0x13AE0
2263	0xC8A8	홈	0x9D8	F4 D8	0x13B00
2264	0xC8A9	홉	0x9D9	F4 D9	0x13B20
2265	0xC8AA	홋	0x9DA	F4 DA	0x13B40
2266	0xC8AB	홍	0x9DB	F4 DB	0x13B60
2267	0xC8AC	홑	0x9DC	F4 DC	0x13B80
2268	0xC8AD	화	0x9DD	F4 DD	0x13BA0
2269	0xC8AE	확	0x9DE	F4 DE	0x13BC0
2270	0xC8AF	환	0x9DF	F4 DF	0x13BE0
2271	0xC8B0	활	0x9E0	F4 E0	0x13C00
2272	0xC8B1	홧	0x9E1	F4 E1	0x13C20
2273	0xC8B2	황	0x9E2	F4 E2	0x13C40
2274	0xC8B3	홰	0x9E3	F4 E3	0x13C60
2275	0xC8B4	홱	0x9E4	F4 E4	0x13C80
2276	0xC8B5	홴	0x9E5	F4 E5	0x13CA0
2277	0xC8B6	횃	0x9E6	F4 E6	0x13CC0
2278	0xC8B7	횅	0x9E7	F4 E7	0x13CE0
2279	0xC8B8	회	0x9E8	F4 E8	0x13D00
2280	0xC8B9	획	0x9E9	F4 E9	0x13D20
2281	0xC8BA	횐	0x9EA	F4 EA	0x13D40
2282	0xC8BB	횔	0x9EB	F4 EB	0x13D60
2283	0xC8BC	횝	0x9EC	F4 EC	0x13D80
2284	0xC8BD	횟	0x9ED	F4 ED	0x13DA0
2285	0xC8BE	횡	0x9EE	F4 EE	0x13DC0
2286	0xC8BF	효	0x9EF	F4 EF	0x13DE0
2287	0xC8C0	횬	0x9F0	F4 F0	0x13E00
2288	0xC8C1	횰	0x9F1	F4 F1	0x13E20
2289	0xC8C2	횹	0x9F2	F4 F2	0x13E40
2290	0xC8C3	횻	0x9F3	F4 F3	0x13E60
2291	0xC8C4	후	0x9F4	F4 F4	0x13E80
2292	0xC8C5	훅	0x9F5	F4 F5	0x13EA0
2293	0xC8C6	훈	0x9F6	F4 F6	0x13EC0
2294	0xC8C7	훌	0x9F7	F4 F7	0x13EE0
2295	0xC8C8	훑	0x9F8	F4 F8	0x13F00
2296	0xC8C9	훔	0x9F9	F4 F9	0x13F20
2297	0xC8CA	훗	0x9FA	F4 FA	0x13F40
2298	0xC8CB	훙	0x9FB	F4 FB	0x13F60
2299	0xC8CC	훠	0x9FC	F4 FC	0x13F80
2300	0xC8CD	훤	0x9FD	F4 FD	0x13FA0
2301	0xC8CE	훨	0x9FE	F4 FE	0x13FC0
2302	0xC8CF	훰	0x9FF	F4 FF	0x13FE0
2303	0xC8D0	훵	0xA00	F5 00	0x14000
2304	0xC8D1	훼	0xA01	F5 01	0x14020
2305	0xC8D2	훽	0xA02	F5 02	0x14040
2306	0xC8D3	휀	0xA03	F5 03	0x14060
2307	0xC8D4	휄	0xA04	F5 04	0x14080
2308	0xC8D5	휑	0xA05	F5 05	0x140A0
2309	0xC8D6	휘	0xA06	F5 06	0x140C0
2310	0xC8D7	휙	0xA07	F5 07	0x140E0
2311	0xC8D8	휜	0xA08	F5 08	0x14100
2312	0xC8D9	휠	0xA09	F5 09	0x14120
2313	0xC8DA	휨	0xA0A	F5 0A	0x14140
2314	0xC8DB	휩	0xA0B	F5 0B	0x14160
2315	0xC8DC	휫	0xA0C	F5 0C	0x14180
2316	0xC8DD	휭	0xA0D	F5 0D	0x141A0
2317	0xC8DE	휴	0xA0E	F5 0E	0x141C0
2318	0xC8DF	휵	0xA0F	F5 0F	0x141E0
2319	0xC8E0	휸	0xA10	F5 10	0x14200
2320	0xC8E1	휼	0xA11	F5 11	0x14220
2321	0xC8E2	흄	0xA12	F5 12	0x14240
2322	0xC8E3	흇	0xA13	F5 13	0x14260
2323	0xC8E4	흉	0xA14	F5 14	0x14280
2324	0xC8E5	흐	0xA15	F5 15	0x142A0
2325	0xC8E6	흑	0xA16	F5 16	0x142C0
2326	0xC8E7	흔	0xA17	F5 17	0x142E0
2327	0xC8E8	흖	0xA18	F5 18	0x14300
2328	0xC8E9	흗	0xA19	F5 19	0x14320
2329	0xC8EA	흘	0xA1A	F5 1A	0x14340
2330	0xC8EB	흙	0xA1B	F5 1B	0x14360
2331	0xC8EC	흠	0xA1C	F5 1C	0x14380
2332	0xC8ED	흡	0xA1D	F5 1D	0x143A0
2333	0xC8EE	흣	0xA1E	F5 1E	0x143C0
2334	0xC8EF	흥	0xA1F	F5 1F	0x143E0
2335	0xC8F0	흩	0xA20	F5 20	0x14400
2336	0xC8F1	희	0xA21	F5 21	0x14420
2337	0xC8F2	흰	0xA22	F5 22	0x14440
2338	0xC8F3	흴	0xA23	F5 23	0x14460
2339	0xC8F4	흼	0xA24	F5 24	0x14480
2340	0xC8F5	흽	0xA25	F5 25	0x144A0
2341	0xC8F6	힁	0xA26	F5 26	0x144C0
2342	0xC8F7	히	0xA27	F5 27	0x144E0
2343	0xC8F8	힉	0xA28	F5 28	0x14500
2344	0xC8F9	힌	0xA29	F5 29	0x14520
2345	0xC8FA	힐	0xA2A	F5 2A	0x14540
2346	0xC8FB	힘	0xA2B	F5 2B	0x14560
2347	0xC8FC	힙	0xA2C	F5 2C	0x14580
2348	0xC8FD	힛	0xA2D	F5 2D	0x145A0
2349	0xC8FE	힝	0xA2E	F5 2E	0x145C0
