hangul_index	euc_kr	character	krom_index	sjis_slot	bios_offset
0	0xB0A1	가	524	0x889F	0x69D68
1	0xB0A2	각	525	0x88A0	0x69D86
2	0xB0A3	간	526	0x88A1	0x69DA4
3	0xB0A4	갇	527	0x88A2	0x69DC2
4	0xB0A5	갈	528	0x88A3	0x69DE0
5	0xB0A6	갉	529	0x88A4	0x69DFE
6	0xB0A7	갊	530	0x88A5	0x69E1C
7	0xB0A8	감	531	0x88A6	0x69E3A
8	0xB0A9	갑	532	0x88A7	0x69E58
9	0xB0AA	값	533	0x88A8	0x69E76
10	0xB0AB	갓	534	0x88A9	0x69E94
11	0xB0AC	갔	535	0x88AA	0x69EB2
12	0xB0AD	강	536	0x88AB	0x69ED0
13	0xB0AE	갖	537	0x88AC	0x69EEE
14	0xB0AF	갗	538	0x88AD	0x69F0C
15	0xB0B0	같	539	0x88AE	0x69F2A
16	0xB0B1	갚	540	0x88AF	0x69F48
17	0xB0B2	갛	541	0x88B0	0x69F66
18	0xB0B3	개	542	0x88B1	0x69F84
19	0xB0B4	객	543	0x88B2	0x69FA2
20	0xB0B5	갠	544	0x88B3	0x69FC0
21	0xB0B6	갤	545	0x88B4	0x69FDE
22	0xB0B7	갬	546	0x88B5	0x69FFC
23	0xB0B8	갭	547	0x88B6	0x6A01A
24	0xB0B9	갯	548	0x88B7	0x6A038
25	0xB0BA	갰	549	0x88B8	0x6A056
26	0xB0BB	갱	550	0x88B9	0x6A074
27	0xB0BC	갸	551	0x88BA	0x6A092
28	0xB0BD	갹	552	0x88BB	0x6A0B0
29	0xB0BE	갼	553	0x88BC	0x6A0CE
30	0xB0BF	걀	554	0x88BD	0x6A0EC
31	0xB0C0	걋	555	0x88BE	0x6A10A
32	0xB0C1	걍	556	0x88BF	0x6A128
33	0xB0C2	걔	557	0x88C0	0x6A146
34	0xB0C3	걘	558	0x88C1	0x6A164
35	0xB0C4	걜	559	0x88C2	0x6A182
36	0xB0C5	거	560	0x88C3	0x6A1A0
37	0xB0C6	걱	561	0x88C4	0x6A1BE
38	0xB0C7	건	562	0x88C5	0x6A1DC
39	0xB0C8	걷	563	0x88C6	0x6A1FA
40	0xB0C9	걸	564	0x88C7	0x6A218
41	0xB0CA	걺	565	0x88C8	0x6A236
42	0xB0CB	검	566	0x88C9	0x6A254
43	0xB0CC	겁	567	0x88CA	0x6A272
44	0xB0CD	것	568	0x88CB	0x6A290
45	0xB0CE	겄	569	0x88CC	0x6A2AE
46	0xB0CF	겅	570	0x88CD	0x6A2CC
47	0xB0D0	겆	571	0x88CE	0x6A2EA
48	0xB0D1	겉	572	0x88CF	0x6A308
49	0xB0D2	겊	573	0x88D0	0x6A326
50	0xB0D3	겋	574	0x88D1	0x6A344
51	0xB0D4	게	575	0x88D2	0x6A362
52	0xB0D5	겐	576	0x88D3	0x6A380
53	0xB0D6	겔	577	0x88D4	0x6A39E
54	0xB0D7	겜	578	0x88D5	0x6A3BC
55	0xB0D8	겝	579	0x88D6	0x6A3DA
56	0xB0D9	겟	580	0x88D7	0x6A3F8
57	0xB0DA	겠	581	0x88D8	0x6A416
58	0xB0DB	겡	582	0x88D9	0x6A434
59	0xB0DC	겨	583	0x88DA	0x6A452
60	0xB0DD	격	584	0x88DB	0x6A470
61	0xB0DE	겪	585	0x88DC	0x6A48E
62	0xB0DF	견	586	0x88DD	0x6A4AC
63	0xB0E0	겯	587	0x88DE	0x6A4CA
64	0xB0E1	결	588	0x88DF	0x6A4E8
65	0xB0E2	겸	589	0x88E0	0x6A506
66	0xB0E3	겹	590	0x88E1	0x6A524
67	0xB0E4	겻	591	0x88E2	0x6A542
68	0xB0E5	겼	592	0x88E3	0x6A560
69	0xB0E6	경	593	0x88E4	0x6A57E
70	0xB0E7	곁	594	0x88E5	0x6A59C
71	0xB0E8	계	595	0x88E6	0x6A5BA
72	0xB0E9	곈	596	0x88E7	0x6A5D8
73	0xB0EA	곌	597	0x88E8	0x6A5F6
74	0xB0EB	곕	598	0x88E9	0x6A614
75	0xB0EC	곗	599	0x88EA	0x6A632
76	0xB0ED	고	600	0x88EB	0x6A650
77	0xB0EE	곡	601	0x88EC	0x6A66E
78	0xB0EF	곤	602	0x88ED	0x6A68C
79	0xB0F0	곧	603	0x88EE	0x6A6AA
80	0xB0F1	골	604	0x88EF	0x6A6C8
81	0xB0F2	곪	605	0x88F0	0x6A6E6
82	0xB0F3	곬	606	0x88F1	0x6A704
83	0xB0F4	곯	607	0x88F2	0x6A722
84	0xB0F5	곰	608	0x88F3	0x6A740
85	0xB0F6	곱	609	0x88F4	0x6A75E
86	0xB0F7	곳	610	0x88F5	0x6A77C
87	0xB0F8	공	611	0x88F6	0x6A79A
88	0xB0F9	곶	612	0x88F7	0x6A7B8
89	0xB0FA	과	613	0x88F8	0x6A7D6
90	0xB0FB	곽	614	0x88F9	0x6A7F4
91	0xB0FC	관	615	0x88FA	0x6A812
92	0xB0FD	괄	616	0x88FB	0x6A830
93	0xB0FE	괆	617	0x88FC	0x6A84E
94	0xB1A1	괌	618	0x8940	0x6A86C
95	0xB1A2	괍	619	0x8941	0x6A88A
96	0xB1A3	괏	620	0x8942	0x6A8A8
97	0xB1A4	광	621	0x8943	0x6A8C6
98	0xB1A5	괘	622	0x8944	0x6A8E4
99	0xB1A6	괜	623	0x8945	0x6A902
100	0xB1A7	괠	624	0x8946	0x6A920
101	0xB1A8	괩	625	0x8947	0x6A93E
102	0xB1A9	괬	626	0x8948	0x6A95C
103	0xB1AA	괭	627	0x8949	0x6A97A
104	0xB1AB	괴	628	0x894A	0x6A998
105	0xB1AC	괵	629	0x894B	0x6A9B6
106	0xB1AD	괸	630	0x894C	0x6A9D4
107	0xB1AE	괼	631	0x894D	0x6A9F2
108	0xB1AF	굄	632	0x894E	0x6AA10
109	0xB1B0	굅	633	0x894F	0x6AA2E
110	0xB1B1	굇	634	0x8950	0x6AA4C
111	0xB1B2	굉	635	0x8951	0x6AA6A
112	0xB1B3	교	636	0x8952	0x6AA88
113	0xB1B4	굔	637	0x8953	0x6AAA6
114	0xB1B5	굘	638	0x8954	0x6AAC4
115	0xB1B6	굡	639	0x8955	0x6AAE2
116	0xB1B7	굣	640	0x8956	0x6AB00
117	0xB1B8	구	641	0x8957	0x6AB1E
118	0xB1B9	국	642	0x8958	0x6AB3C
119	0xB1BA	군	643	0x8959	0x6AB5A
120	0xB1BB	굳	644	0x895A	0x6AB78
121	0xB1BC	굴	645	0x895B	0x6AB96
122	0xB1BD	굵	646	0x895C	0x6ABB4
123	0xB1BE	굶	647	0x895D	0x6ABD2
124	0xB1BF	굻	648	0x895E	0x6ABF0
125	0xB1C0	굼	649	0x895F	0x6AC0E
126	0xB1C1	굽	650	0x8960	0x6AC2C
127	0xB1C2	굿	651	0x8961	0x6AC4A
128	0xB1C3	궁	652	0x8962	0x6AC68
129	0xB1C4	궂	653	0x8963	0x6AC86
130	0xB1C5	궈	654	0x8964	0x6ACA4
131	0xB1C6	궉	655	0x8965	0x6ACC2
132	0xB1C7	권	656	0x8966	0x6ACE0
133	0xB1C8	궐	657	0x8967	0x6ACFE
134	0xB1C9	궜	658	0x8968	0x6AD1C
135	0xB1CA	궝	659	0x8969	0x6AD3A
136	0xB1CB	궤	660	0x896A	0x6AD58
137	0xB1CC	궷	661	0x896B	0x6AD76
138	0xB1CD	귀	662	0x896C	0x6AD94
139	0xB1CE	귁	663	0x896D	0x6ADB2
140	0xB1CF	귄	664	0x896E	0x6ADD0
141	0xB1D0	귈	665	0x896F	0x6ADEE
142	0xB1D1	귐	666	0x8970	0x6AE0C
143	0xB1D2	귑	667	0x8971	0x6AE2A
144	0xB1D3	귓	668	0x8972	0x6AE48
145	0xB1D4	규	669	0x8973	0x6AE66
146	0xB1D5	균	670	0x8974	0x6AE84
147	0xB1D6	귤	671	0x8975	0x6AEA2
148	0xB1D7	그	672	0x8976	0x6AEC0
149	0xB1D8	극	673	0x8977	0x6AEDE
150	0xB1D9	근	674	0x8978	0x6AEFC
151	0xB1DA	귿	675	0x8979	0x6AF1A
152	0xB1DB	글	676	0x897A	0x6AF38
153	0xB1DC	긁	677	0x897B	0x6AF56
154	0xB1DD	금	678	0x897C	0x6AF74
155	0xB1DE	급	679	0x897D	0x6AF92
156	0xB1DF	긋	680	0x897E	0x6AFB0
157	0xB1E0	긍	681	0x8980	0x6AFCE
158	0xB1E1	긔	682	0x8981	0x6AFEC
159	0xB1E2	기	683	0x8982	0x6B00A
160	0xB1E3	긱	684	0x8983	0x6B028
161	0xB1E4	긴	685	0x8984	0x6B046
162	0xB1E5	긷	686	0x8985	0x6B064
163	0xB1E6	길	687	0x8986	0x6B082
164	0xB1E7	긺	688	0x8987	0x6B0A0
165	0xB1E8	김	689	0x8988	0x6B0BE
166	0xB1E9	깁	690	0x8989	0x6B0DC
167	0xB1EA	깃	691	0x898A	0x6B0FA
168	0xB1EB	깅	692	0x898B	0x6B118
169	0xB1EC	깆	693	0x898C	0x6B136
170	0xB1ED	깊	694	0x898D	0x6B154
171	0xB1EE	까	695	0x898E	0x6B172
172	0xB1EF	깍	696	0x898F	0x6B190
173	0xB1F0	깎	697	0x8990	0x6B1AE
174	0xB1F1	깐	698	0x8991	0x6B1CC
175	0xB1F2	깔	699	0x8992	0x6B1EA
176	0xB1F3	깖	700	0x8993	0x6B208
177	0xB1F4	깜	701	0x8994	0x6B226
178	0xB1F5	깝	702	0x8995	0x6B244
179	0xB1F6	깟	703	0x8996	0x6B262
180	0xB1F7	깠	704	0x8997	0x6B280
181	0xB1F8	깡	705	0x8998	0x6B29E
182	0xB1F9	깥	706	0x8999	0x6B2BC
183	0xB1FA	깨	707	0x899A	0x6B2DA
184	0xB1FB	깩	708	0x899B	0x6B2F8
185	0xB1FC	깬	709	0x899C	0x6B316
186	0xB1FD	깰	710	0x899D	0x6B334
187	0xB1FE	깸	711	0x899E	0x6B352
188	0xB2A1	깹	712	0x899F	0x6B370
189	0xB2A2	깻	713	0x89A0	0x6B38E
190	0xB2A3	깼	714	0x89A1	0x6B3AC
191	0xB2A4	깽	715	0x89A2	0x6B3CA
192	0xB2A5	꺄	716	0x89A3	0x6B3E8
193	0xB2A6	꺅	717	0x89A4	0x6B406
194	0xB2A7	꺌	718	0x89A5	0x6B424
195	0xB2A8	꺼	719	0x89A6	0x6B442
196	0xB2A9	꺽	720	0x89A7	0x6B460
197	0xB2AA	꺾	721	0x89A8	0x6B47E
198	0xB2AB	껀	722	0x89A9	0x6B49C
199	0xB2AC	껄	723	0x89AA	0x6B4BA
200	0xB2AD	껌	724	0x89AB	0x6B4D8
201	0xB2AE	껍	725	0x89AC	0x6B4F6
202	0xB2AF	껏	726	0x89AD	0x6B514
203	0xB2B0	껐	727	0x89AE	0x6B532
204	0xB2B1	껑	728	0x89AF	0x6B550
205	0xB2B2	께	729	0x89B0	0x6B56E
206	0xB2B3	껙	730	0x89B1	0x6B58C
207	0xB2B4	껜	731	0x89B2	0x6B5AA
208	0xB2B5	껨	732	0x89B3	0x6B5C8
209	0xB2B6	껫	733	0x89B4	0x6B5E6
210	0xB2B7	껭	734	0x89B5	0x6B604
211	0xB2B8	껴	735	0x89B6	0x6B622
212	0xB2B9	껸	736	0x89B7	0x6B640
213	0xB2BA	껼	737	0x89B8	0x6B65E
214	0xB2BB	꼇	738	0x89B9	0x6B67C
215	0xB2BC	꼈	739	0x89BA	0x6B69A
216	0xB2BD	꼍	740	0x89BB	0x6B6B8
217	0xB2BE	꼐	741	0x89BC	0x6B6D6
218	0xB2BF	꼬	742	0x89BD	0x6B6F4
219	0xB2C0	꼭	743	0x89BE	0x6B712
220	0xB2C1	꼰	744	0x89BF	0x6B730
221	0xB2C2	꼲	745	0x89C0	0x6B74E
222	0xB2C3	꼴	746	0x89C1	0x6B76C
223	0xB2C4	꼼	747	0x89C2	0x6B78A
224	0xB2C5	꼽	748	0x89C3	0x6B7A8
225	0xB2C6	꼿	749	0x89C4	0x6B7C6
226	0xB2C7	꽁	750	0x89C5	0x6B7E4
227	0xB2C8	꽂	751	0x89C6	0x6B802
228	0xB2C9	꽃	752	0x89C7	0x6B820
229	0xB2CA	꽈	753	0x89C8	0x6B83E
230	0xB2CB	꽉	754	0x89C9	0x6B85C
231	0xB2CC	꽐	755	0x89CA	0x6B87A
232	0xB2CD	꽜	756	0x89CB	0x6B898
233	0xB2CE	꽝	757	0x89CC	0x6B8B6
234	0xB2CF	꽤	758	0x89CD	0x6B8D4
235	0xB2D0	꽥	759	0x89CE	0x6B8F2
236	0xB2D1	꽹	760	0x89CF	0x6B910
237	0xB2D2	꾀	761	0x89D0	0x6B92E
238	0xB2D3	꾄	762	0x89D1	0x6B94C
239	0xB2D4	꾈	763	0x89D2	0x6B96A
240	0xB2D5	꾐	764	0x89D3	0x6B988
241	0xB2D6	꾑	765	0x89D4	0x6B9A6
242	0xB2D7	꾕	766	0x89D5	0x6B9C4
243	0xB2D8	꾜	767	0x89D6	0x6B9E2
244	0xB2D9	꾸	768	0x89D7	0x6BA00
245	0xB2DA	꾹	769	0x89D8	0x6BA1E
246	0xB2DB	꾼	770	0x89D9	0x6BA3C
247	0xB2DC	꿀	771	0x89DA	0x6BA5A
248	0xB2DD	꿇	772	0x89DB	0x6BA78
249	0xB2DE	꿈	773	0x89DC	0x6BA96
250	0xB2DF	꿉	774	0x89DD	0x6BAB4
251	0xB2E0	꿋	775	0x89DE	0x6BAD2
252	0xB2E1	꿍	776	0x89DF	0x6BAF0
253	0xB2E2	꿎	777	0x89E0	0x6BB0E
254	0xB2E3	꿔	778	0x89E1	0x6BB2C
255	0xB2E4	꿜	779	0x89E2	0x6BB4A
256	0xB2E5	꿨	780	0x89E3	0x6BB68
257	0xB2E6	꿩	781	0x89E4	0x6BB86
258	0xB2E7	꿰	782	0x89E5	0x6BBA4
259	0xB2E8	꿱	783	0x89E6	0x6BBC2
260	0xB2E9	꿴	784	0x89E7	0x6BBE0
261	0xB2EA	꿸	785	0x89E8	0x6BBFE
262	0xB2EB	뀀	786	0x89E9	0x6BC1C
263	0xB2EC	뀁	787	0x89EA	0x6BC3A
264	0xB2ED	뀄	788	0x89EB	0x6BC58
265	0xB2EE	뀌	789	0x89EC	0x6BC76
266	0xB2EF	뀐	790	0x89ED	0x6BC94
267	0xB2F0	뀔	791	0x89EE	0x6BCB2
268	0xB2F1	뀜	792	0x89EF	0x6BCD0
269	0xB2F2	뀝	793	0x89F0	0x6BCEE
270	0xB2F3	뀨	794	0x89F1	0x6BD0C
271	0xB2F4	끄	795	0x89F2	0x6BD2A
272	0xB2F5	끅	796	0x89F3	0x6BD48
273	0xB2F6	끈	797	0x89F4	0x6BD66
274	0xB2F7	끊	798	0x89F5	0x6BD84
275	0xB2F8	끌	799	0x89F6	0x6BDA2
276	0xB2F9	끎	800	0x89F7	0x6BDC0
277	0xB2FA	끓	801	0x89F8	0x6BDDE
278	0xB2FB	끔	802	0x89F9	0x6BDFC
279	0xB2FC	끕	803	0x89FA	0x6BE1A
280	0xB2FD	끗	804	0x89FB	0x6BE38
281	0xB2FE	끙	805	0x89FC	0x6BE56
282	0xB3A1	끝	806	0x8A40	0x6BE74
283	0xB3A2	끼	807	0x8A41	0x6BE92
284	0xB3A3	끽	808	0x8A42	0x6BEB0
285	0xB3A4	낀	809	0x8A43	0x6BECE
286	0xB3A5	낄	810	0x8A44	0x6BEEC
287	0xB3A6	낌	811	0x8A45	0x6BF0A
288	0xB3A7	낍	812	0x8A46	0x6BF28
289	0xB3A8	낏	813	0x8A47	0x6BF46
290	0xB3A9	낑	814	0x8A48	0x6BF64
291	0xB3AA	나	815	0x8A49	0x6BF82
292	0xB3AB	낙	816	0x8A4A	0x6BFA0
293	0xB3AC	낚	817	0x8A4B	0x6BFBE
294	0xB3AD	난	818	0x8A4C	0x6BFDC
295	0xB3AE	낟	819	0x8A4D	0x6BFFA
296	0xB3AF	날	820	0x8A4E	0x6C018
297	0xB3B0	낡	821	0x8A4F	0x6C036
298	0xB3B1	낢	822	0x8A50	0x6C054
299	0xB3B2	남	823	0x8A51	0x6C072
300	0xB3B3	납	824	0x8A52	0x6C090
301	0xB3B4	낫	825	0x8A53	0x6C0AE
302	0xB3B5	났	826	0x8A54	0x6C0CC
303	0xB3B6	낭	827	0x8A55	0x6C0EA
304	0xB3B7	낮	828	0x8A56	0x6C108
305	0xB3B8	낯	829	0x8A57	0x6C126
306	0xB3B9	낱	830	0x8A58	0x6C144
307	0xB3BA	낳	831	0x8A59	0x6C162
308	0xB3BB	내	832	0x8A5A	0x6C180
309	0xB3BC	낵	833	0x8A5B	0x6C19E
310	0xB3BD	낸	834	0x8A5C	0x6C1BC
311	0xB3BE	낼	835	0x8A5D	0x6C1DA
312	0xB3BF	냄	836	0x8A5E	0x6C1F8
313	0xB3C0	냅	837	0x8A5F	0x6C216
314	0xB3C1	냇	838	0x8A60	0x6C234
315	0xB3C2	냈	839	0x8A61	0x6C252
316	0xB3C3	냉	840	0x8A62	0x6C270
317	0xB3C4	냐	841	0x8A63	0x6C28E
318	0xB3C5	냑	842	0x8A64	0x6C2AC
319	0xB3C6	냔	843	0x8A65	0x6C2CA
320	0xB3C7	냘	844	0x8A66	0x6C2E8
321	0xB3C8	냠	845	0x8A67	0x6C306
322	0xB3C9	냥	846	0x8A68	0x6C324
323	0xB3CA	너	847	0x8A69	0x6C342
324	0xB3CB	넉	848	0x8A6A	0x6C360
325	0xB3CC	넋	849	0x8A6B	0x6C37E
326	0xB3CD	넌	850	0x8A6C	0x6C39C
327	0xB3CE	널	851	0x8A6D	0x6C3BA
328	0xB3CF	넒	852	0x8A6E	0x6C3D8
329	0xB3D0	넓	853	0x8A6F	0x6C3F6
330	0xB3D1	넘	854	0x8A70	0x6C414
331	0xB3D2	넙	855	0x8A71	0x6C432
332	0xB3D3	넛	856	0x8A72	0x6C450
333	0xB3D4	넜	857	0x8A73	0x6C46E
334	0xB3D5	넝	858	0x8A74	0x6C48C
335	0xB3D6	넣	859	0x8A75	0x6C4AA
336	0xB3D7	네	860	0x8A76	0x6C4C8
337	0xB3D8	넥	861	0x8A77	0x6C4E6
338	0xB3D9	넨	862	0x8A78	0x6C504
339	0xB3DA	넬	863	0x8A79	0x6C522
340	0xB3DB	넴	864	0x8A7A	0x6C540
341	0xB3DC	넵	865	0x8A7B	0x6C55E
342	0xB3DD	넷	866	0x8A7C	0x6C57C
343	0xB3DE	넸	867	0x8A7D	0x6C59A
344	0xB3DF	넹	868	0x8A7E	0x6C5B8
345	0xB3E0	녀	869	0x8A80	0x6C5D6
346	0xB3E1	녁	870	0x8A81	0x6C5F4
347	0xB3E2	년	871	0x8A82	0x6C612
348	0xB3E3	녈	872	0x8A83	0x6C630
349	0xB3E4	념	873	0x8A84	0x6C64E
350	0xB3E5	녑	874	0x8A85	0x6C66C
351	0xB3E6	녔	875	0x8A86	0x6C68A
352	0xB3E7	녕	876	0x8A87	0x6C6A8
353	0xB3E8	녘	877	0x8A88	0x6C6C6
354	0xB3E9	녜	878	0x8A89	0x6C6E4
355	0xB3EA	녠	879	0x8A8A	0x6C702
356	0xB3EB	노	880	0x8A8B	0x6C720
357	0xB3EC	녹	881	0x8A8C	0x6C73E
358	0xB3ED	논	882	0x8A8D	0x6C75C
359	0xB3EE	놀	883	0x8A8E	0x6C77A
360	0xB3EF	놂	884	0x8A8F	0x6C798
361	0xB3F0	놈	885	0x8A90	0x6C7B6
362	0xB3F1	놉	886	0x8A91	0x6C7D4
363	0xB3F2	놋	887	0x8A92	0x6C7F2
364	0xB3F3	농	888	0x8A93	0x6C810
365	0xB3F4	높	889	0x8A94	0x6C82E
366	0xB3F5	놓	890	0x8A95	0x6C84C
367	0xB3F6	놔	891	0x8A96	0x6C86A
368	0xB3F7	놘	892	0x8A97	0x6C888
369	0xB3F8	놜	893	0x8A98	0x6C8A6
370	0xB3F9	놨	894	0x8A99	0x6C8C4
371	0xB3FA	뇌	895	0x8A9A	0x6C8E2
372	0xB3FB	뇐	896	0x8A9B	0x6C900
373	0xB3FC	뇔	897	0x8A9C	0x6C91E
374	0xB3FD	뇜	898	0x8A9D	0x6C93C
375	0xB3FE	뇝	899	0x8A9E	0x6C95A
376	0xB4A1	뇟	900	0x8A9F	0x6C978
377	0xB4A2	뇨	901	0x8AA0	0x6C996
378	0xB4A3	뇩	902	0x8AA1	0x6C9B4
379	0xB4A4	뇬	903	0x8AA2	0x6C9D2
380	0xB4A5	뇰	904	0x8AA3	0x6C9F0
381	0xB4A6	뇹	905	0x8AA4	0x6CA0E
382	0xB4A7	뇻	906	0x8AA5	0x6CA2C
383	0xB4A8	뇽	907	0x8AA6	0x6CA4A
384	0xB4A9	누	908	0x8AA7	0x6CA68
385	0xB4AA	눅	909	0x8AA8	0x6CA86
386	0xB4AB	눈	910	0x8AA9	0x6CAA4
387	0xB4AC	눋	911	0x8AAA	0x6CAC2
388	0xB4AD	눌	912	0x8AAB	0x6CAE0
389	0xB4AE	눔	913	0x8AAC	0x6CAFE
390	0xB4AF	눕	914	0x8AAD	0x6CB1C
391	0xB4B0	눗	915	0x8AAE	0x6CB3A
392	0xB4B1	눙	916	0x8AAF	0x6CB58
393	0xB4B2	눠	917	0x8AB0	0x6CB76
394	0xB4B3	눴	918	0x8AB1	0x6CB94
395	0xB4B4	눼	919	0x8AB2	0x6CBB2
396	0xB4B5	뉘	920	0x8AB3	0x6CBD0
397	0xB4B6	뉜	921	0x8AB4	0x6CBEE
398	0xB4B7	뉠	922	0x8AB5	0x6CC0C
399	0xB4B8	뉨	923	0x8AB6	0x6CC2A
400	0xB4B9	뉩	924	0x8AB7	0x6CC48
401	0xB4BA	뉴	925	0x8AB8	0x6CC66
402	0xB4BB	뉵	926	0x8AB9	0x6CC84
403	0xB4BC	뉼	927	0x8ABA	0x6CCA2
404	0xB4BD	늄	928	0x8ABB	0x6CCC0
405	0xB4BE	늅	929	0x8ABC	0x6CCDE
406	0xB4BF	늉	930	0x8ABD	0x6CCFC
407	0xB4C0	느	931	0x8ABE	0x6CD1A
408	0xB4C1	늑	932	0x8ABF	0x6CD38
409	0xB4C2	는	933	0x8AC0	0x6CD56
410	0xB4C3	늘	934	0x8AC1	0x6CD74
411	0xB4C4	늙	935	0x8AC2	0x6CD92
412	0xB4C5	늚	936	0x8AC3	0x6CDB0
413	0xB4C6	늠	937	0x8AC4	0x6CDCE
414	0xB4C7	늡	938	0x8AC5	0x6CDEC
415	0xB4C8	늣	939	0x8AC6	0x6CE0A
416	0xB4C9	능	940	0x8AC7	0x6CE28
417	0xB4CA	늦	941	0x8AC8	0x6CE46
418	0xB4CB	늪	942	0x8AC9	0x6CE64
419	0xB4CC	늬	943	0x8ACA	0x6CE82
420	0xB4CD	늰	944	0x8ACB	0x6CEA0
421	0xB4CE	늴	945	0x8ACC	0x6CEBE
422	0xB4CF	니	946	0x8ACD	0x6CEDC
423	0xB4D0	닉	947	0x8ACE	0x6CEFA
424	0xB4D1	닌	948	0x8ACF	0x6CF18
425	0xB4D2	닐	949	0x8AD0	0x6CF36
426	0xB4D3	닒	950	0x8AD1	0x6CF54
427	0xB4D4	님	951	0x8AD2	0x6CF72
428	0xB4D5	닙	952	0x8AD3	0x6CF90
429	0xB4D6	닛	953	0x8AD4	0x6CFAE
430	0xB4D7	닝	954	0x8AD5	0x6CFCC
431	0xB4D8	닢	955	0x8AD6	0x6CFEA
432	0xB4D9	다	956	0x8AD7	0x6D008
433	0xB4DA	닥	957	0x8AD8	0x6D026
434	0xB4DB	닦	958	0x8AD9	0x6D044
435	0xB4DC	단	959	0x8ADA	0x6D062
436	0xB4DD	닫	960	0x8ADB	0x6D080
437	0xB4DE	달	961	0x8ADC	0x6D09E
438	0xB4DF	닭	962	0x8ADD	0x6D0BC
439	0xB4E0	닮	963	0x8ADE	0x6D0DA
440	0xB4E1	닯	964	0x8ADF	0x6D0F8
441	0xB4E2	닳	965	0x8AE0	0x6D116
442	0xB4E3	담	966	0x8AE1	0x6D134
443	0xB4E4	답	967	0x8AE2	0x6D152
444	0xB4E5	닷	968	0x8AE3	0x6D170
445	0xB4E6	닸	969	0x8AE4	0x6D18E
446	0xB4E7	당	970	0x8AE5	0x6D1AC
447	0xB4E8	닺	971	0x8AE6	0x6D1CA
448	0xB4E9	닻	972	0x8AE7	0x6D1E8
449	0xB4EA	닿	973	0x8AE8	0x6D206
450	0xB4EB	대	974	0x8AE9	0x6D224
451	0xB4EC	댁	975	0x8AEA	0x6D242
452	0xB4ED	댄	976	0x8AEB	0x6D260
453	0xB4EE	댈	977	0x8AEC	0x6D27E
454	0xB4EF	댐	978	0x8AED	0x6D29C
455	0xB4F0	댑	979	0x8AEE	0x6D2BA
456	0xB4F1	댓	980	0x8AEF	0x6D2D8
457	0xB4F2	댔	981	0x8AF0	0x6D2F6
458	0xB4F3	댕	982	0x8AF1	0x6D314
459	0xB4F4	댜	983	0x8AF2	0x6D332
460	0xB4F5	더	984	0x8AF3	0x6D350
461	0xB4F6	덕	985	0x8AF4	0x6D36E
462	0xB4F7	덖	986	0x8AF5	0x6D38C
463	0xB4F8	던	987	0x8AF6	0x6D3AA
464	0xB4F9	덛	988	0x8AF7	0x6D3C8
465	0xB4FA	덜	989	0x8AF8	0x6D3E6
466	0xB4FB	덞	990	0x8AF9	0x6D404
467	0xB4FC	덟	991	0x8AFA	0x6D422
468	0xB4FD	덤	992	0x8AFB	0x6D440
469	0xB4FE	덥	993	0x8AFC	0x6D45E
470	0xB5A1	덧	994	0x8B40	0x6D47C
471	0xB5A2	덩	995	0x8B41	0x6D49A
472	0xB5A3	덫	996	0x8B42	0x6D4B8
473	0xB5A4	덮	997	0x8B43	0x6D4D6
474	0xB5A5	데	998	0x8B44	0x6D4F4
475	0xB5A6	덱	999	0x8B45	0x6D512
476	0xB5A7	덴	1000	0x8B46	0x6D530
477	0xB5A8	델	1001	0x8B47	0x6D54E
478	0xB5A9	뎀	1002	0x8B48	0x6D56C
479	0xB5AA	뎁	1003	0x8B49	0x6D58A
480	0xB5AB	뎃	1004	0x8B4A	0x6D5A8
481	0xB5AC	뎄	1005	0x8B4B	0x6D5C6
482	0xB5AD	뎅	1006	0x8B4C	0x6D5E4
483	0xB5AE	뎌	1007	0x8B4D	0x6D602
484	0xB5AF	뎐	1008	0x8B4E	0x6D620
485	0xB5B0	뎔	1009	0x8B4F	0x6D63E
486	0xB5B1	뎠	1010	0x8B50	0x6D65C
487	0xB5B2	뎡	1011	0x8B51	0x6D67A
488	0xB5B3	뎨	1012	0x8B52	0x6D698
489	0xB5B4	뎬	1013	0x8B53	0x6D6B6
490	0xB5B5	도	1014	0x8B54	0x6D6D4
491	0xB5B6	독	1015	0x8B55	0x6D6F2
492	0xB5B7	돈	1016	0x8B56	0x6D710
493	0xB5B8	돋	1017	0x8B57	0x6D72E
494	0xB5B9	돌	1018	0x8B58	0x6D74C
495	0xB5BA	돎	1019	0x8B59	0x6D76A
496	0xB5BB	돐	1020	0x8B5A	0x6D788
497	0xB5BC	돔	1021	0x8B5B	0x6D7A6
498	0xB5BD	돕	1022	0x8B5C	0x6D7C4
499	0xB5BE	돗	1023	0x8B5D	0x6D7E2
500	0xB5BF	동	1024	0x8B5E	0x6D800
501	0xB5C0	돛	1025	0x8B5F	0x6D81E
502	0xB5C1	돝	1026	0x8B60	0x6D83C
503	0xB5C2	돠	1027	0x8B61	0x6D85A
504	0xB5C3	돤	1028	0x8B62	0x6D878
505	0xB5C4	돨	1029	0x8B63	0x6D896
506	0xB5C5	돼	1030	0x8B64	0x6D8B4
507	0xB5C6	됐	1031	0x8B65	0x6D8D2
508	0xB5C7	되	1032	0x8B66	0x6D8F0
509	0xB5C8	된	1033	0x8B67	0x6D90E
510	0xB5C9	될	1034	0x8B68	0x6D92C
511	0xB5CA	됨	1035	0x8B69	0x6D94A
512	0xB5CB	됩	1036	0x8B6A	0x6D968
513	0xB5CC	됫	1037	0x8B6B	0x6D986
514	0xB5CD	됴	1038	0x8B6C	0x6D9A4
515	0xB5CE	두	1039	0x8B6D	0x6D9C2
516	0xB5CF	둑	1040	0x8B6E	0x6D9E0
517	0xB5D0	둔	1041	0x8B6F	0x6D9FE
518	0xB5D1	둘	1042	0x8B70	0x6DA1C
519	0xB5D2	둠	1043	0x8B71	0x6DA3A
520	0xB5D3	둡	1044	0x8B72	0x6DA58
521	0xB5D4	둣	1045	0x8B73	0x6DA76
522	0xB5D5	둥	1046	0x8B74	0x6DA94
523	0xB5D6	둬	1047	0x8B75	0x6DAB2
524	0xB5D7	뒀	1048	0x8B76	0x6DAD0
525	0xB5D8	뒈	1049	0x8B77	0x6DAEE
526	0xB5D9	뒝	1050	0x8B78	0x6DB0C
527	0xB5DA	뒤	1051	0x8B79	0x6DB2A
528	0xB5DB	뒨	1052	0x8B7A	0x6DB48
529	0xB5DC	뒬	1053	0x8B7B	0x6DB66
530	0xB5DD	뒵	1054	0x8B7C	0x6DB84
531	0xB5DE	뒷	1055	0x8B7D	0x6DBA2
532	0xB5DF	뒹	1056	0x8B7E	0x6DBC0
533	0xB5E0	듀	1057	0x8B80	0x6DBDE
534	0xB5E1	듄	1058	0x8B81	0x6DBFC
535	0xB5E2	듈	1059	0x8B82	0x6DC1A
536	0xB5E3	듐	1060	0x8B83	0x6DC38
537	0xB5E4	듕	1061	0x8B84	0x6DC56
538	0xB5E5	드	1062	0x8B85	0x6DC74
539	0xB5E6	득	1063	0x8B86	0x6DC92
540	0xB5E7	든	1064	0x8B87	0x6DCB0
541	0xB5E8	듣	1065	0x8B88	0x6DCCE
542	0xB5E9	들	1066	0x8B89	0x6DCEC
543	0xB5EA	듦	1067	0x8B8A	0x6DD0A
544	0xB5EB	듬	1068	0x8B8B	0x6DD28
545	0xB5EC	듭	1069	0x8B8C	0x6DD46
546	0xB5ED	듯	1070	0x8B8D	0x6DD64
547	0xB5EE	등	1071	0x8B8E	0x6DD82
548	0xB5EF	듸	1072	0x8B8F	0x6DDA0
549	0xB5F0	디	1073	0x8B90	0x6DDBE
550	0xB5F1	딕	1074	0x8B91	0x6DDDC
551	0xB5F2	딘	1075	0x8B92	0x6DDFA
552	0xB5F3	딛	1076	0x8B93	0x6DE18
553	0xB5F4	딜	1077	0x8B94	0x6DE36
554	0xB5F5	딤	1078	0x8B95	0x6DE54
555	0xB5F6	딥	1079	0x8B96	0x6DE72
556	0xB5F7	딧	1080	0x8B97	0x6DE90
557	0xB5F8	딨	1081	0x8B98	0x6DEAE
558	0xB5F9	딩	1082	0x8B99	0x6DECC
559	0xB5FA	딪	1083	0x8B9A	0x6DEEA
560	0xB5FB	따	1084	0x8B9B	0x6DF08
561	0xB5FC	딱	1085	0x8B9C	0x6DF26
562	0xB5FD	딴	1086	0x8B9D	0x6DF44
563	0xB5FE	딸	1087	0x8B9E	0x6DF62
564	0xB6A1	땀	1088	0x8B9F	0x6DF80
565	0xB6A2	땁	1089	0x8BA0	0x6DF9E
566	0xB6A3	땃	1090	0x8BA1	0x6DFBC
567	0xB6A4	땄	1091	0x8BA2	0x6DFDA
568	0xB6A5	땅	1092	0x8BA3	0x6DFF8
569	0xB6A6	땋	1093	0x8BA4	0x6E016
570	0xB6A7	때	1094	0x8BA5	0x6E034
571	0xB6A8	땍	1095	0x8BA6	0x6E052
572	0xB6A9	땐	1096	0x8BA7	0x6E070
573	0xB6AA	땔	1097	0x8BA8	0x6E08E
574	0xB6AB	땜	1098	0x8BA9	0x6E0AC
575	0xB6AC	땝	1099	0x8BAA	0x6E0CA
576	0xB6AD	땟	1100	0x8BAB	0x6E0E8
577	0xB6AE	땠	1101	0x8BAC	0x6E106
578	0xB6AF	땡	1102	0x8BAD	0x6E124
579	0xB6B0	떠	1103	0x8BAE	0x6E142
580	0xB6B1	떡	1104	0x8BAF	0x6E160
581	0xB6B2	떤	1105	0x8BB0	0x6E17E
582	0xB6B3	떨	1106	0x8BB1	0x6E19C
583	0xB6B4	떪	1107	0x8BB2	0x6E1BA
584	0xB6B5	떫	1108	0x8BB3	0x6E1D8
585	0xB6B6	떰	1109	0x8BB4	0x6E1F6
586	0xB6B7	떱	1110	0x8BB5	0x6E214
587	0xB6B8	떳	1111	0x8BB6	0x6E232
588	0xB6B9	떴	1112	0x8BB7	0x6E250
589	0xB6BA	떵	1113	0x8BB8	0x6E26E
590	0xB6BB	떻	1114	0x8BB9	0x6E28C
591	0xB6BC	떼	1115	0x8BBA	0x6E2AA
592	0xB6BD	떽	1116	0x8BBB	0x6E2C8
593	0xB6BE	뗀	1117	0x8BBC	0x6E2E6
594	0xB6BF	뗄	1118	0x8BBD	0x6E304
595	0xB6C0	뗌	1119	0x8BBE	0x6E322
596	0xB6C1	뗍	1120	0x8BBF	0x6E340
597	0xB6C2	뗏	1121	0x8BC0	0x6E35E
598	0xB6C3	뗐	1122	0x8BC1	0x6E37C
599	0xB6C4	뗑	1123	0x8BC2	0x6E39A
600	0xB6C5	뗘	1124	0x8BC3	0x6E3B8
601	0xB6C6	뗬	1125	0x8BC4	0x6E3D6
602	0xB6C7	또	1126	0x8BC5	0x6E3F4
603	0xB6C8	똑	1127	0x8BC6	0x6E412
604	0xB6C9	똔	1128	0x8BC7	0x6E430
605	0xB6CA	똘	1129	0x8BC8	0x6E44E
606	0xB6CB	똥	1130	0x8BC9	0x6E46C
607	0xB6CC	똬	1131	0x8BCA	0x6E48A
608	0xB6CD	똴	1132	0x8BCB	0x6E4A8
609	0xB6CE	뙈	1133	0x8BCC	0x6E4C6
610	0xB6CF	뙤	1134	0x8BCD	0x6E4E4
611	0xB6D0	뙨	1135	0x8BCE	0x6E502
612	0xB6D1	뚜	1136	0x8BCF	0x6E520
613	0xB6D2	뚝	1137	0x8BD0	0x6E53E
614	0xB6D3	뚠	1138	0x8BD1	0x6E55C
615	0xB6D4	뚤	1139	0x8BD2	0x6E57A
616	0xB6D5	뚫	1140	0x8BD3	0x6E598
617	0xB6D6	뚬	1141	0x8BD4	0x6E5B6
618	0xB6D7	뚱	1142	0x8BD5	0x6E5D4
619	0xB6D8	뛔	1143	0x8BD6	0x6E5F2
620	0xB6D9	뛰	1144	0x8BD7	0x6E610
621	0xB6DA	뛴	1145	0x8BD8	0x6E62E
622	0xB6DB	뛸	1146	0x8BD9	0x6E64C
623	0xB6DC	뜀	1147	0x8BDA	0x6E66A
624	0xB6DD	뜁	1148	0x8BDB	0x6E688
625	0xB6DE	뜅	1149	0x8BDC	0x6E6A6
626	0xB6DF	뜨	1150	0x8BDD	0x6E6C4
627	0xB6E0	뜩	1151	0x8BDE	0x6E6E2
628	0xB6E1	뜬	1152	0x8BDF	0x6E700
629	0xB6E2	뜯	1153	0x8BE0	0x6E71E
630	0xB6E3	뜰	1154	0x8BE1	0x6E73C
631	0xB6E4	뜸	1155	0x8BE2	0x6E75A
632	0xB6E5	뜹	1156	0x8BE3	0x6E778
633	0xB6E6	뜻	1157	0x8BE4	0x6E796
634	0xB6E7	띄	1158	0x8BE5	0x6E7B4
635	0xB6E8	띈	1159	0x8BE6	0x6E7D2
636	0xB6E9	띌	1160	0x8BE7	0x6E7F0
637	0xB6EA	띔	1161	0x8BE8	0x6E80E
638	0xB6EB	띕	1162	0x8BE9	0x6E82C
639	0xB6EC	띠	1163	0x8BEA	0x6E84A
640	0xB6ED	띤	1164	0x8BEB	0x6E868
641	0xB6EE	띨	1165	0x8BEC	0x6E886
642	0xB6EF	띰	1166	0x8BED	0x6E8A4
643	0xB6F0	띱	1167	0x8BEE	0x6E8C2
644	0xB6F1	띳	1168	0x8BEF	0x6E8E0
645	0xB6F2	띵	1169	0x8BF0	0x6E8FE
646	0xB6F3	라	1170	0x8BF1	0x6E91C
647	0xB6F4	락	1171	0x8BF2	0x6E93A
648	0xB6F5	란	1172	0x8BF3	0x6E958
649	0xB6F6	랄	1173	0x8BF4	0x6E976
650	0xB6F7	람	1174	0x8BF5	0x6E994
651	0xB6F8	랍	1175	0x8BF6	0x6E9B2
652	0xB6F9	랏	1176	0x8BF7	0x6E9D0
653	0xB6FA	랐	1177	0x8BF8	0x6E9EE
654	0xB6FB	랑	1178	0x8BF9	0x6EA0C
655	0xB6FC	랒	1179	0x8BFA	0x6EA2A
656	0xB6FD	랖	1180	0x8BFB	0x6EA48
657	0xB6FE	랗	1181	0x8BFC	0x6EA66
658	0xB7A1	래	1182	0x8C40	0x6EA84
659	0xB7A2	랙	1183	0x8C41	0x6EAA2
660	0xB7A3	랜	1184	0x8C42	0x6EAC0
661	0xB7A4	랠	1185	0x8C43	0x6EADE
662	0xB7A5	램	1186	0x8C44	0x6EAFC
663	0xB7A6	랩	1187	0x8C45	0x6EB1A
664	0xB7A7	랫	1188	0x8C46	0x6EB38
665	0xB7A8	랬	1189	0x8C47	0x6EB56
666	0xB7A9	랭	1190	0x8C48	0x6EB74
667	0xB7AA	랴	1191	0x8C49	0x6EB92
668	0xB7AB	략	1192	0x8C4A	0x6EBB0
669	0xB7AC	랸	1193	0x8C4B	0x6EBCE
670	0xB7AD	럇	1194	0x8C4C	0x6EBEC
671	0xB7AE	량	1195	0x8C4D	0x6EC0A
672	0xB7AF	러	1196	0x8C4E	0x6EC28
673	0xB7B0	럭	1197	0x8C4F	0x6EC46
674	0xB7B1	런	1198	0x8C50	0x6EC64
675	0xB7B2	럴	1199	0x8C51	0x6EC82
676	0xB7B3	럼	1200	0x8C52	0x6ECA0
677	0xB7B4	럽	1201	0x8C53	0x6ECBE
678	0xB7B5	럿	1202	0x8C54	0x6ECDC
679	0xB7B6	렀	1203	0x8C55	0x6ECFA
680	0xB7B7	렁	1204	0x8C56	0x6ED18
681	0xB7B8	렇	1205	0x8C57	0x6ED36
682	0xB7B9	레	1206	0x8C58	0x6ED54
683	0xB7BA	렉	1207	0x8C59	0x6ED72
684	0xB7BB	렌	1208	0x8C5A	0x6ED90
685	0xB7BC	렐	1209	0x8C5B	0x6EDAE
686	0xB7BD	렘	1210	0x8C5C	0x6EDCC
687	0xB7BE	렙	1211	0x8C5D	0x6EDEA
688	0xB7BF	렛	1212	0x8C5E	0x6EE08
689	0xB7C0	렝	1213	0x8C5F	0x6EE26
690	0xB7C1	려	1214	0x8C60	0x6EE44
691	0xB7C2	력	1215	0x8C61	0x6EE62
692	0xB7C3	련	1216	0x8C62	0x6EE80
693	0xB7C4	렬	1217	0x8C63	0x6EE9E
694	0xB7C5	렴	1218	0x8C64	0x6EEBC
695	0xB7C6	렵	1219	0x8C65	0x6EEDA
696	0xB7C7	렷	1220	0x8C66	0x6EEF8
697	0xB7C8	렸	1221	0x8C67	0x6EF16
698	0xB7C9	령	1222	0x8C68	0x6EF34
699	0xB7CA	례	1223	0x8C69	0x6EF52
700	0xB7CB	롄	1224	0x8C6A	0x6EF70
701	0xB7CC	롑	1225	0x8C6B	0x6EF8E
702	0xB7CD	롓	1226	0x8C6C	0x6EFAC
703	0xB7CE	로	1227	0x8C6D	0x6EFCA
704	0xB7CF	록	1228	0x8C6E	0x6EFE8
705	0xB7D0	론	1229	0x8C6F	0x6F006
706	0xB7D1	롤	1230	0x8C70	0x6F024
707	0xB7D2	롬	1231	0x8C71	0x6F042
708	0xB7D3	롭	1232	0x8C72	0x6F060
709	0xB7D4	롯	1233	0x8C73	0x6F07E
710	0xB7D5	롱	1234	0x8C74	0x6F09C
711	0xB7D6	롸	1235	0x8C75	0x6F0BA
712	0xB7D7	롼	1236	0x8C76	0x6F0D8
713	0xB7D8	뢍	1237	0x8C77	0x6F0F6
714	0xB7D9	뢨	1238	0x8C78	0x6F114
715	0xB7DA	뢰	1239	0x8C79	0x6F132
716	0xB7DB	뢴	1240	0x8C7A	0x6F150
717	0xB7DC	뢸	1241	0x8C7B	0x6F16E
718	0xB7DD	룀	1242	0x8C7C	0x6F18C
719	0xB7DE	룁	1243	0x8C7D	0x6F1AA
720	0xB7DF	룃	1244	0x8C7E	0x6F1C8
721	0xB7E0	룅	1245	0x8C80	0x6F1E6
722	0xB7E1	료	1246	0x8C81	0x6F204
723	0xB7E2	룐	1247	0x8C82	0x6F222
724	0xB7E3	룔	1248	0x8C83	0x6F240
725	0xB7E4	룝	1249	0x8C84	0x6F25E
726	0xB7E5	룟	1250	0x8C85	0x6F27C
727	0xB7E6	룡	1251	0x8C86	0x6F29A
728	0xB7E7	루	1252	0x8C87	0x6F2B8
729	0xB7E8	룩	1253	0x8C88	0x6F2D6
730	0xB7E9	룬	1254	0x8C89	0x6F2F4
731	0xB7EA	룰	1255	0x8C8A	0x6F312
732	0xB7EB	룸	1256	0x8C8B	0x6F330
733	0xB7EC	룹	1257	0x8C8C	0x6F34E
734	0xB7ED	룻	1258	0x8C8D	0x6F36C
735	0xB7EE	룽	1259	0x8C8E	0x6F38A
736	0xB7EF	뤄	1260	0x8C8F	0x6F3A8
737	0xB7F0	뤘	1261	0x8C90	0x6F3C6
738	0xB7F1	뤠	1262	0x8C91	0x6F3E4
739	0xB7F2	뤼	1263	0x8C92	0x6F402
740	0xB7F3	뤽	1264	0x8C93	0x6F420
741	0xB7F4	륀	1265	0x8C94	0x6F43E
742	0xB7F5	륄	1266	0x8C95	0x6F45C
743	0xB7F6	륌	1267	0x8C96	0x6F47A
744	0xB7F7	륏	1268	0x8C97	0x6F498
745	0xB7F8	륑	1269	0x8C98	0x6F4B6
746	0xB7F9	류	1270	0x8C99	0x6F4D4
747	0xB7FA	륙	1271	0x8C9A	0x6F4F2
748	0xB7FB	륜	1272	0x8C9B	0x6F510
749	0xB7FC	률	1273	0x8C9C	0x6F52E
750	0xB7FD	륨	1274	0x8C9D	0x6F54C
751	0xB7FE	륩	1275	0x8C9E	0x6F56A
752	0xB8A1	륫	1276	0x8C9F	0x6F588
753	0xB8A2	륭	1277	0x8CA0	0x6F5A6
754	0xB8A3	르	1278	0x8CA1	0x6F5C4
755	0xB8A4	륵	1279	0x8CA2	0x6F5E2
756	0xB8A5	른	1280	0x8CA3	0x6F600
757	0xB8A6	를	1281	0x8CA4	0x6F61E
758	0xB8A7	름	1282	0x8CA5	0x6F63C
759	0xB8A8	릅	1283	0x8CA6	0x6F65A
760	0xB8A9	릇	1284	0x8CA7	0x6F678
761	0xB8AA	릉	1285	0x8CA8	0x6F696
762	0xB8AB	릊	1286	0x8CA9	0x6F6B4
763	0xB8AC	릍	1287	0x8CAA	0x6F6D2
764	0xB8AD	릎	1288	0x8CAB	0x6F6F0
765	0xB8AE	리	1289	0x8CAC	0x6F70E
766	0xB8AF	릭	1290	0x8CAD	0x6F72C
767	0xB8B0	린	1291	0x8CAE	0x6F74A
768	0xB8B1	릴	1292	0x8CAF	0x6F768
769	0xB8B2	림	1293	0x8CB0	0x6F786
770	0xB8B3	립	1294	0x8CB1	0x6F7A4
771	0xB8B4	릿	1295	0x8CB2	0x6F7C2
772	0xB8B5	링	1296	0x8CB3	0x6F7E0
773	0xB8B6	마	1297	0x8CB4	0x6F7FE
774	0xB8B7	막	1298	0x8CB5	0x6F81C
775	0xB8B8	만	1299	0x8CB6	0x6F83A
776	0xB8B9	많	1300	0x8CB7	0x6F858
777	0xB8BA	맏	1301	0x8CB8	0x6F876
778	0xB8BB	말	1302	0x8CB9	0x6F894
779	0xB8BC	맑	1303	0x8CBA	0x6F8B2
780	0xB8BD	맒	1304	0x8CBB	0x6F8D0
781	0xB8BE	맘	1305	0x8CBC	0x6F8EE
782	0xB8BF	맙	1306	0x8CBD	0x6F90C
783	0xB8C0	맛	1307	0x8CBE	0x6F92A
784	0xB8C1	망	1308	0x8CBF	0x6F948
785	0xB8C2	맞	1309	0x8CC0	0x6F966
786	0xB8C3	맡	1310	0x8CC1	0x6F984
787	0xB8C4	맣	1311	0x8CC2	0x6F9A2
788	0xB8C5	매	1312	0x8CC3	0x6F9C0
789	0xB8C6	맥	1313	0x8CC4	0x6F9DE
790	0xB8C7	맨	1314	0x8CC5	0x6F9FC
791	0xB8C8	맬	1315	0x8CC6	0x6FA1A
792	0xB8C9	맴	1316	0x8CC7	0x6FA38
793	0xB8CA	맵	1317	0x8CC8	0x6FA56
794	0xB8CB	맷	1318	0x8CC9	0x6FA74
795	0xB8CC	맸	1319	0x8CCA	0x6FA92
796	0xB8CD	맹	1320	0x8CCB	0x6FAB0
797	0xB8CE	맺	1321	0x8CCC	0x6FACE
798	0xB8CF	먀	1322	0x8CCD	0x6FAEC
799	0xB8D0	먁	1323	0x8CCE	0x6FB0A
800	0xB8D1	먈	1324	0x8CCF	0x6FB28
801	0xB8D2	먕	1325	0x8CD0	0x6FB46
802	0xB8D3	머	1326	0x8CD1	0x6FB64
803	0xB8D4	먹	1327	0x8CD2	0x6FB82
804	0xB8D5	먼	1328	0x8CD3	0x6FBA0
805	0xB8D6	멀	1329	0x8CD4	0x6FBBE
806	0xB8D7	멂	1330	0x8CD5	0x6FBDC
807	0xB8D8	멈	1331	0x8CD6	0x6FBFA
808	0xB8D9	멉	1332	0x8CD7	0x6FC18
809	0xB8DA	멋	1333	0x8CD8	0x6FC36
810	0xB8DB	멍	1334	0x8CD9	0x6FC54
811	0xB8DC	멎	1335	0x8CDA	0x6FC72
812	0xB8DD	멓	1336	0x8CDB	0x6FC90
813	0xB8DE	메	1337	0x8CDC	0x6FCAE
814	0xB8DF	멕	1338	0x8CDD	0x6FCCC
815	0xB8E0	멘	1339	0x8CDE	0x6FCEA
816	0xB8E1	멜	1340	0x8CDF	0x6FD08
817	0xB8E2	멤	1341	0x8CE0	0x6FD26
818	0xB8E3	멥	1342	0x8CE1	0x6FD44
819	0xB8E4	멧	1343	0x8CE2	0x6FD62
820	0xB8E5	멨	1344	0x8CE3	0x6FD80
821	0xB8E6	멩	1345	0x8CE4	0x6FD9E
822	0xB8E7	며	1346	0x8CE5	0x6FDBC
823	0xB8E8	멱	1347	0x8CE6	0x6FDDA
824	0xB8E9	면	1348	0x8CE7	0x6FDF8
825	0xB8EA	멸	1349	0x8CE8	0x6FE16
826	0xB8EB	몃	1350	0x8CE9	0x6FE34
827	0xB8EC	몄	1351	0x8CEA	0x6FE52
828	0xB8ED	명	1352	0x8CEB	0x6FE70
829	0xB8EE	몇	1353	0x8CEC	0x6FE8E
830	0xB8EF	몌	1354	0x8CED	0x6FEAC
831	0xB8F0	모	1355	0x8CEE	0x6FECA
832	0xB8F1	목	1356	0x8CEF	0x6FEE8
833	0xB8F2	몫	1357	0x8CF0	0x6FF06
834	0xB8F3	몬	1358	0x8CF1	0x6FF24
835	0xB8F4	몰	1359	0x8CF2	0x6FF42
836	0xB8F5	몲	1360	0x8CF3	0x6FF60
837	0xB8F6	몸	1361	0x8CF4	0x6FF7E
838	0xB8F7	몹	1362	0x8CF5	0x6FF9C
839	0xB8F8	못	1363	0x8CF6	0x6FFBA
840	0xB8F9	몽	1364	0x8CF7	0x6FFD8
841	0xB8FA	뫄	1365	0x8CF8	0x6FFF6
842	0xB8FB	뫈	1366	0x8CF9	0x70014
843	0xB8FC	뫘	1367	0x8CFA	0x70032
844	0xB8FD	뫙	1368	0x8CFB	0x70050
845	0xB8FE	뫼	1369	0x8CFC	0x7006E
846	0xB9A1	묀	1370	0x8D40	0x7008C
847	0xB9A2	묄	1371	0x8D41	0x700AA
848	0xB9A3	묍	1372	0x8D42	0x700C8
849	0xB9A4	묏	1373	0x8D43	0x700E6
850	0xB9A5	묑	1374	0x8D44	0x70104
851	0xB9A6	묘	1375	0x8D45	0x70122
852	0xB9A7	묜	1376	0x8D46	0x70140
853	0xB9A8	묠	1377	0x8D47	0x7015E
854	0xB9A9	묩	1378	0x8D48	0x7017C
855	0xB9AA	묫	1379	0x8D49	0x7019A
856	0xB9AB	무	1380	0x8D4A	0x701B8
857	0xB9AC	묵	1381	0x8D4B	0x701D6
858	0xB9AD	묶	1382	0x8D4C	0x701F4
859	0xB9AE	문	1383	0x8D4D	0x70212
860	0xB9AF	묻	1384	0x8D4E	0x70230
861	0xB9B0	물	1385	0x8D4F	0x7024E
862	0xB9B1	묽	1386	0x8D50	0x7026C
863	0xB9B2	묾	1387	0x8D51	0x7028A
864	0xB9B3	뭄	1388	0x8D52	0x702A8
865	0xB9B4	뭅	1389	0x8D53	0x702C6
866	0xB9B5	뭇	1390	0x8D54	0x702E4
867	0xB9B6	뭉	1391	0x8D55	0x70302
868	0xB9B7	뭍	1392	0x8D56	0x70320
869	0xB9B8	뭏	1393	0x8D57	0x7033E
870	0xB9B9	뭐	1394	0x8D58	0x7035C
871	0xB9BA	뭔	1395	0x8D59	0x7037A
872	0xB9BB	뭘	1396	0x8D5A	0x70398
873	0xB9BC	뭡	1397	0x8D5B	0x703B6
874	0xB9BD	뭣	1398	0x8D5C	0x703D4
875	0xB9BE	뭬	1399	0x8D5D	0x703F2
876	0xB9BF	뮈	1400	0x8D5E	0x70410
877	0xB9C0	뮌	1401	0x8D5F	0x7042E
878	0xB9C1	뮐	1402	0x8D60	0x7044C
879	0xB9C2	뮤	1403	0x8D61	0x7046A
880	0xB9C3	뮨	1404	0x8D62	0x70488
881	0xB9C4	뮬	1405	0x8D63	0x704A6
882	0xB9C5	뮴	1406	0x8D64	0x704C4
883	0xB9C6	뮷	1407	0x8D65	0x704E2
884	0xB9C7	므	1408	0x8D66	0x70500
885	0xB9C8	믄	1409	0x8D67	0x7051E
886	0xB9C9	믈	1410	0x8D68	0x7053C
887	0xB9CA	믐	1411	0x8D69	0x7055A
888	0xB9CB	믓	1412	0x8D6A	0x70578
889	0xB9CC	미	1413	0x8D6B	0x70596
890	0xB9CD	믹	1414	0x8D6C	0x705B4
891	0xB9CE	민	1415	0x8D6D	0x705D2
892	0xB9CF	믿	1416	0x8D6E	0x705F0
893	0xB9D0	밀	1417	0x8D6F	0x7060E
894	0xB9D1	밂	1418	0x8D70	0x7062C
895	0xB9D2	밈	1419	0x8D71	0x7064A
896	0xB9D3	밉	1420	0x8D72	0x70668
897	0xB9D4	밋	1421	0x8D73	0x70686
898	0xB9D5	밌	1422	0x8D74	0x706A4
899	0xB9D6	밍	1423	0x8D75	0x706C2
900	0xB9D7	및	1424	0x8D76	0x706E0
901	0xB9D8	밑	1425	0x8D77	0x706FE
902	0xB9D9	바	1426	0x8D78	0x7071C
903	0xB9DA	박	1427	0x8D79	0x7073A
904	0xB9DB	밖	1428	0x8D7A	0x70758
905	0xB9DC	밗	1429	0x8D7B	0x70776
906	0xB9DD	반	1430	0x8D7C	0x70794
907	0xB9DE	받	1431	0x8D7D	0x707B2
908	0xB9DF	발	1432	0x8D7E	0x707D0
909	0xB9E0	밝	1433	0x8D80	0x707EE
910	0xB9E1	밞	1434	0x8D81	0x7080C
911	0xB9E2	밟	1435	0x8D82	0x7082A
912	0xB9E3	밤	1436	0x8D83	0x70848
913	0xB9E4	밥	1437	0x8D84	0x70866
914	0xB9E5	밧	1438	0x8D85	0x70884
915	0xB9E6	방	1439	0x8D86	0x708A2
916	0xB9E7	밭	1440	0x8D87	0x708C0
917	0xB9E8	배	1441	0x8D88	0x708DE
918	0xB9E9	백	1442	0x8D89	0x708FC
919	0xB9EA	밴	1443	0x8D8A	0x7091A
920	0xB9EB	밸	1444	0x8D8B	0x70938
921	0xB9EC	뱀	1445	0x8D8C	0x70956
922	0xB9ED	뱁	1446	0x8D8D	0x70974
923	0xB9EE	뱃	1447	0x8D8E	0x70992
924	0xB9EF	뱄	1448	0x8D8F	0x709B0
925	0xB9F0	뱅	1449	0x8D90	0x709CE
926	0xB9F1	뱉	1450	0x8D91	0x709EC
927	0xB9F2	뱌	1451	0x8D92	0x70A0A
928	0xB9F3	뱍	1452	0x8D93	0x70A28
929	0xB9F4	뱐	1453	0x8D94	0x70A46
930	0xB9F5	뱝	1454	0x8D95	0x70A64
931	0xB9F6	버	1455	0x8D96	0x70A82
932	0xB9F7	벅	1456	0x8D97	0x70AA0
933	0xB9F8	번	1457	0x8D98	0x70ABE
934	0xB9F9	벋	1458	0x8D99	0x70ADC
935	0xB9FA	벌	1459	0x8D9A	0x70AFA
936	0xB9FB	벎	1460	0x8D9B	0x70B18
937	0xB9FC	범	1461	0x8D9C	0x70B36
938	0xB9FD	법	1462	0x8D9D	0x70B54
939	0xB9FE	벗	1463	0x8D9E	0x70B72
940	0xBAA1	벙	1464	0x8D9F	0x70B90
941	0xBAA2	벚	1465	0x8DA0	0x70BAE
942	0xBAA3	베	1466	0x8DA1	0x70BCC
943	0xBAA4	벡	1467	0x8DA2	0x70BEA
944	0xBAA5	벤	1468	0x8DA3	0x70C08
945	0xBAA6	벧	1469	0x8DA4	0x70C26
946	0xBAA7	벨	1470	0x8DA5	0x70C44
947	0xBAA8	벰	1471	0x8DA6	0x70C62
948	0xBAA9	벱	1472	0x8DA7	0x70C80
949	0xBAAA	벳	1473	0x8DA8	0x70C9E
950	0xBAAB	벴	1474	0x8DA9	0x70CBC
951	0xBAAC	벵	1475	0x8DAA	0x70CDA
952	0xBAAD	벼	1476	0x8DAB	0x70CF8
953	0xBAAE	벽	1477	0x8DAC	0x70D16
954	0xBAAF	변	1478	0x8DAD	0x70D34
955	0xBAB0	별	1479	0x8DAE	0x70D52
956	0xBAB1	볍	1480	0x8DAF	0x70D70
957	0xBAB2	볏	1481	0x8DB0	0x70D8E
958	0xBAB3	볐	1482	0x8DB1	0x70DAC
959	0xBAB4	병	1483	0x8DB2	0x70DCA
960	0xBAB5	볕	1484	0x8DB3	0x70DE8
961	0xBAB6	볘	1485	0x8DB4	0x70E06
962	0xBAB7	볜	1486	0x8DB5	0x70E24
963	0xBAB8	보	1487	0x8DB6	0x70E42
964	0xBAB9	복	1488	0x8DB7	0x70E60
965	0xBABA	볶	1489	0x8DB8	0x70E7E
966	0xBABB	본	1490	0x8DB9	0x70E9C
967	0xBABC	볼	1491	0x8DBA	0x70EBA
968	0xBABD	봄	1492	0x8DBB	0x70ED8
969	0xBABE	봅	1493	0x8DBC	0x70EF6
970	0xBABF	봇	1494	0x8DBD	0x70F14
971	0xBAC0	봉	1495	0x8DBE	0x70F32
972	0xBAC1	봐	1496	0x8DBF	0x70F50
973	0xBAC2	봔	1497	0x8DC0	0x70F6E
974	0xBAC3	봤	1498	0x8DC1	0x70F8C
975	0xBAC4	봬	1499	0x8DC2	0x70FAA
976	0xBAC5	뵀	1500	0x8DC3	0x70FC8
977	0xBAC6	뵈	1501	0x8DC4	0x70FE6
978	0xBAC7	뵉	1502	0x8DC5	0x71004
979	0xBAC8	뵌	1503	0x8DC6	0x71022
980	0xBAC9	뵐	1504	0x8DC7	0x71040
981	0xBACA	뵘	1505	0x8DC8	0x7105E
982	0xBACB	뵙	1506	0x8DC9	0x7107C
983	0xBACC	뵤	1507	0x8DCA	0x7109A
984	0xBACD	뵨	1508	0x8DCB	0x710B8
985	0xBACE	부	1509	0x8DCC	0x710D6
986	0xBACF	북	1510	0x8DCD	0x710F4
987	0xBAD0	분	1511	0x8DCE	0x71112
988	0xBAD1	붇	1512	0x8DCF	0x71130
989	0xBAD2	불	1513	0x8DD0	0x7114E
990	0xBAD3	붉	1514	0x8DD1	0x7116C
991	0xBAD4	붊	1515	0x8DD2	0x7118A
992	0xBAD5	붐	1516	0x8DD3	0x711A8
993	0xBAD6	붑	1517	0x8DD4	0x711C6
994	0xBAD7	붓	1518	0x8DD5	0x711E4
995	0xBAD8	붕	1519	0x8DD6	0x71202
996	0xBAD9	붙	1520	0x8DD7	0x71220
997	0xBADA	붚	1521	0x8DD8	0x7123E
998	0xBADB	붜	1522	0x8DD9	0x7125C
999	0xBADC	붤	1523	0x8DDA	0x7127A
1000	0xBADD	붰	1524	0x8DDB	0x71298
1001	0xBADE	붸	1525	0x8DDC	0x712B6
1002	0xBADF	뷔	1526	0x8DDD	0x712D4
1003	0xBAE0	뷕	1527	0x8DDE	0x712F2
1004	0xBAE1	뷘	1528	0x8DDF	0x71310
1005	0xBAE2	뷜	1529	0x8DE0	0x7132E
1006	0xBAE3	뷩	1530	0x8DE1	0x7134C
1007	0xBAE4	뷰	1531	0x8DE2	0x7136A
1008	0xBAE5	뷴	1532	0x8DE3	0x71388
1009	0xBAE6	뷸	1533	0x8DE4	0x713A6
1010	0xBAE7	븀	1534	0x8DE5	0x713C4
1011	0xBAE8	븃	1535	0x8DE6	0x713E2
1012	0xBAE9	븅	1536	0x8DE7	0x71400
1013	0xBAEA	브	1537	0x8DE8	0x7141E
1014	0xBAEB	븍	1538	0x8DE9	0x7143C
1015	0xBAEC	븐	1539	0x8DEA	0x7145A
1016	0xBAED	블	1540	0x8DEB	0x71478
1017	0xBAEE	븜	1541	0x8DEC	0x71496
1018	0xBAEF	븝	1542	0x8DED	0x714B4
1019	0xBAF0	븟	1543	0x8DEE	0x714D2
1020	0xBAF1	비	1544	0x8DEF	0x714F0
1021	0xBAF2	빅	1545	0x8DF0	0x7150E
1022	0xBAF3	빈	1546	0x8DF1	0x7152C
1023	0xBAF4	빌	1547	0x8DF2	0x7154A
1024	0xBAF5	빎	1548	0x8DF3	0x71568
1025	0xBAF6	빔	1549	0x8DF4	0x71586
1026	0xBAF7	빕	1550	0x8DF5	0x715A4
1027	0xBAF8	빗	1551	0x8DF6	0x715C2
1028	0xBAF9	빙	1552	0x8DF7	0x715E0
1029	0xBAFA	빚	1553	0x8DF8	0x715FE
1030	0xBAFB	빛	1554	0x8DF9	0x7161C
1031	0xBAFC	빠	1555	0x8DFA	0x7163A
1032	0xBAFD	빡	1556	0x8DFB	0x71658
1033	0xBAFE	빤	1557	0x8DFC	0x71676
1034	0xBBA1	빨	1558	0x8E40	0x71694
1035	0xBBA2	빪	1559	0x8E41	0x716B2
1036	0xBBA3	빰	1560	0x8E42	0x716D0
1037	0xBBA4	빱	1561	0x8E43	0x716EE
1038	0xBBA5	빳	1562	0x8E44	0x7170C
1039	0xBBA6	빴	1563	0x8E45	0x7172A
1040	0xBBA7	빵	1564	0x8E46	0x71748
1041	0xBBA8	빻	1565	0x8E47	0x71766
1042	0xBBA9	빼	1566	0x8E48	0x71784
1043	0xBBAA	빽	1567	0x8E49	0x717A2
1044	0xBBAB	뺀	1568	0x8E4A	0x717C0
1045	0xBBAC	뺄	1569	0x8E4B	0x717DE
1046	0xBBAD	뺌	1570	0x8E4C	0x717FC
1047	0xBBAE	뺍	1571	0x8E4D	0x7181A
1048	0xBBAF	뺏	1572	0x8E4E	0x71838
1049	0xBBB0	뺐	1573	0x8E4F	0x71856
1050	0xBBB1	뺑	1574	0x8E50	0x71874
1051	0xBBB2	뺘	1575	0x8E51	0x71892
1052	0xBBB3	뺙	1576	0x8E52	0x718B0
1053	0xBBB4	뺨	1577	0x8E53	0x718CE
1054	0xBBB5	뻐	1578	0x8E54	0x718EC
1055	0xBBB6	뻑	1579	0x8E55	0x7190A
1056	0xBBB7	뻔	1580	0x8E56	0x71928
1057	0xBBB8	뻗	1581	0x8E57	0x71946
1058	0xBBB9	뻘	1582	0x8E58	0x71964
1059	0xBBBA	뻠	1583	0x8E59	0x71982
1060	0xBBBB	뻣	1584	0x8E5A	0x719A0
1061	0xBBBC	뻤	1585	0x8E5B	0x719BE
1062	0xBBBD	뻥	1586	0x8E5C	0x719DC
1063	0xBBBE	뻬	1587	0x8E5D	0x719FA
1064	0xBBBF	뼁	1588	0x8E5E	0x71A18
1065	0xBBC0	뼈	1589	0x8E5F	0x71A36
1066	0xBBC1	뼉	1590	0x8E60	0x71A54
1067	0xBBC2	뼘	1591	0x8E61	0x71A72
1068	0xBBC3	뼙	1592	0x8E62	0x71A90
1069	0xBBC4	뼛	1593	0x8E63	0x71AAE
1070	0xBBC5	뼜	1594	0x8E64	0x71ACC
1071	0xBBC6	뼝	1595	0x8E65	0x71AEA
1072	0xBBC7	뽀	1596	0x8E66	0x71B08
1073	0xBBC8	뽁	1597	0x8E67	0x71B26
1074	0xBBC9	뽄	1598	0x8E68	0x71B44
1075	0xBBCA	뽈	1599	0x8E69	0x71B62
1076	0xBBCB	뽐	1600	0x8E6A	0x71B80
1077	0xBBCC	뽑	1601	0x8E6B	0x71B9E
1078	0xBBCD	뽕	1602	0x8E6C	0x71BBC
1079	0xBBCE	뾔	1603	0x8E6D	0x71BDA
1080	0xBBCF	뾰	1604	0x8E6E	0x71BF8
1081	0xBBD0	뿅	1605	0x8E6F	0x71C16
1082	0xBBD1	뿌	1606	0x8E70	0x71C34
1083	0xBBD2	뿍	1607	0x8E71	0x71C52
1084	0xBBD3	뿐	1608	0x8E72	0x71C70
1085	0xBBD4	뿔	1609	0x8E73	0x71C8E
1086	0xBBD5	뿜	1610	0x8E74	0x71CAC
1087	0xBBD6	뿟	1611	0x8E75	0x71CCA
1088	0xBBD7	뿡	1612	0x8E76	0x71CE8
1089	0xBBD8	쀼	1613	0x8E77	0x71D06
1090	0xBBD9	쁑	1614	0x8E78	0x71D24
1091	0xBBDA	쁘	1615	0x8E79	0x71D42
1092	0xBBDB	쁜	1616	0x8E7A	0x71D60
1093	0xBBDC	쁠	1617	0x8E7B	0x71D7E
1094	0xBBDD	쁨	1618	0x8E7C	0x71D9C
1095	0xBBDE	쁩	1619	0x8E7D	0x71DBA
1096	0xBBDF	삐	1620	0x8E7E	0x71DD8
1097	0xBBE0	삑	1621	0x8E80	0x71DF6
1098	0xBBE1	삔	1622	0x8E81	0x71E14
1099	0xBBE2	삘	1623	0x8E82	0x71E32
1100	0xBBE3	삠	1624	0x8E83	0x71E50
1101	0xBBE4	삡	1625	0x8E84	0x71E6E
1102	0xBBE5	삣	1626	0x8E85	0x71E8C
1103	0xBBE6	삥	1627	0x8E86	0x71EAA
1104	0xBBE7	사	1628	0x8E87	0x71EC8
1105	0xBBE8	삭	1629	0x8E88	0x71EE6
1106	0xBBE9	삯	1630	0x8E89	0x71F04
1107	0xBBEA	산	1631	0x8E8A	0x71F22
1108	0xBBEB	삳	1632	0x8E8B	0x71F40
1109	0xBBEC	살	1633	0x8E8C	0x71F5E
1110	0xBBED	삵	1634	0x8E8D	0x71F7C
1111	0xBBEE	삶	1635	0x8E8E	0x71F9A
1112	0xBBEF	삼	1636	0x8E8F	0x71FB8
1113	0xBBF0	삽	1637	0x8E90	0x71FD6
1114	0xBBF1	삿	1638	0x8E91	0x71FF4
1115	0xBBF2	샀	1639	0x8E92	0x72012
1116	0xBBF3	상	1640	0x8E93	0x72030
1117	0xBBF4	샅	1641	0x8E94	0x7204E
1118	0xBBF5	새	1642	0x8E95	0x7206C
1119	0xBBF6	색	1643	0x8E96	0x7208A
1120	0xBBF7	샌	1644	0x8E97	0x720A8
1121	0xBBF8	샐	1645	0x8E98	0x720C6
1122	0xBBF9	샘	1646	0x8E99	0x720E4
1123	0xBBFA	샙	1647	0x8E9A	0x72102
1124	0xBBFB	샛	1648	0x8E9B	0x72120
1125	0xBBFC	샜	1649	0x8E9C	0x7213E
1126	0xBBFD	생	1650	0x8E9D	0x7215C
1127	0xBBFE	샤	1651	0x8E9E	0x7217A
1128	0xBCA1	샥	1652	0x8E9F	0x72198
1129	0xBCA2	샨	1653	0x8EA0	0x721B6
1130	0xBCA3	샬	1654	0x8EA1	0x721D4
1131	0xBCA4	샴	1655	0x8EA2	0x721F2
1132	0xBCA5	샵	1656	0x8EA3	0x72210
1133	0xBCA6	샷	1657	0x8EA4	0x7222E
1134	0xBCA7	샹	1658	0x8EA5	0x7224C
1135	0xBCA8	섀	1659	0x8EA6	0x7226A
1136	0xBCA9	섄	1660	0x8EA7	0x72288
1137	0xBCAA	섈	1661	0x8EA8	0x722A6
1138	0xBCAB	섐	1662	0x8EA9	0x722C4
1139	0xBCAC	섕	1663	0x8EAA	0x722E2
1140	0xBCAD	서	1664	0x8EAB	0x72300
1141	0xBCAE	석	1665	0x8EAC	0x7231E
1142	0xBCAF	섞	1666	0x8EAD	0x7233C
1143	0xBCB0	섟	1667	0x8EAE	0x7235A
1144	0xBCB1	선	1668	0x8EAF	0x72378
1145	0xBCB2	섣	1669	0x8EB0	0x72396
1146	0xBCB3	설	1670	0x8EB1	0x723B4
1147	0xBCB4	섦	1671	0x8EB2	0x723D2
1148	0xBCB5	섧	1672	0x8EB3	0x723F0
1149	0xBCB6	섬	1673	0x8EB4	0x7240E
1150	0xBCB7	섭	1674	0x8EB5	0x7242C
1151	0xBCB8	섯	1675	0x8EB6	0x7244A
1152	0xBCB9	섰	1676	0x8EB7	0x72468
1153	0xBCBA	성	1677	0x8EB8	0x72486
1154	0xBCBB	섶	1678	0x8EB9	0x724A4
1155	0xBCBC	세	1679	0x8EBA	0x724C2
1156	0xBCBD	섹	1680	0x8EBB	0x724E0
1157	0xBCBE	센	1681	0x8EBC	0x724FE
1158	0xBCBF	셀	1682	0x8EBD	0x7251C
1159	0xBCC0	셈	1683	0x8EBE	0x7253A
1160	0xBCC1	셉	1684	0x8EBF	0x72558
1161	0xBCC2	셋	1685	0x8EC0	0x72576
1162	0xBCC3	셌	1686	0x8EC1	0x72594
1163	0xBCC4	셍	1687	0x8EC2	0x725B2
1164	0xBCC5	셔	1688	0x8EC3	0x725D0
1165	0xBCC6	셕	1689	0x8EC4	0x725EE
1166	0xBCC7	션	1690	0x8EC5	0x7260C
1167	0xBCC8	셜	1691	0x8EC6	0x7262A
1168	0xBCC9	셤	1692	0x8EC7	0x72648
1169	0xBCCA	셥	1693	0x8EC8	0x72666
1170	0xBCCB	셧	1694	0x8EC9	0x72684
1171	0xBCCC	셨	1695	0x8ECA	0x726A2
1172	0xBCCD	셩	1696	0x8ECB	0x726C0
1173	0xBCCE	셰	1697	0x8ECC	0x726DE
1174	0xBCCF	셴	1698	0x8ECD	0x726FC
1175	0xBCD0	셸	1699	0x8ECE	0x7271A
1176	0xBCD1	솅	1700	0x8ECF	0x72738
1177	0xBCD2	소	1701	0x8ED0	0x72756
1178	0xBCD3	속	1702	0x8ED1	0x72774
1179	0xBCD4	솎	1703	0x8ED2	0x72792
1180	0xBCD5	손	1704	0x8ED3	0x727B0
1181	0xBCD6	솔	1705	0x8ED4	0x727CE
1182	0xBCD7	솖	1706	0x8ED5	0x727EC
1183	0xBCD8	솜	1707	0x8ED6	0x7280A
1184	0xBCD9	솝	1708	0x8ED7	0x72828
1185	0xBCDA	솟	1709	0x8ED8	0x72846
1186	0xBCDB	송	1710	0x8ED9	0x72864
1187	0xBCDC	솥	1711	0x8EDA	0x72882
1188	0xBCDD	솨	1712	0x8EDB	0x728A0
1189	0xBCDE	솩	1713	0x8EDC	0x728BE
1190	0xBCDF	솬	1714	0x8EDD	0x728DC
1191	0xBCE0	솰	1715	0x8EDE	0x728FA
1192	0xBCE1	솽	1716	0x8EDF	0x72918
1193	0xBCE2	쇄	1717	0x8EE0	0x72936
1194	0xBCE3	쇈	1718	0x8EE1	0x72954
1195	0xBCE4	쇌	1719	0x8EE2	0x72972
1196	0xBCE5	쇔	1720	0x8EE3	0x72990
1197	0xBCE6	쇗	1721	0x8EE4	0x729AE
1198	0xBCE7	쇘	1722	0x8EE5	0x729CC
1199	0xBCE8	쇠	1723	0x8EE6	0x729EA
1200	0xBCE9	쇤	1724	0x8EE7	0x72A08
1201	0xBCEA	쇨	1725	0x8EE8	0x72A26
1202	0xBCEB	쇰	1726	0x8EE9	0x72A44
1203	0xBCEC	쇱	1727	0x8EEA	0x72A62
1204	0xBCED	쇳	1728	0x8EEB	0x72A80
1205	0xBCEE	쇼	1729	0x8EEC	0x72A9E
1206	0xBCEF	쇽	1730	0x8EED	0x72ABC
1207	0xBCF0	숀	1731	0x8EEE	0x72ADA
1208	0xBCF1	숄	1732	0x8EEF	0x72AF8
1209	0xBCF2	숌	1733	0x8EF0	0x72B16
1210	0xBCF3	숍	1734	0x8EF1	0x72B34
1211	0xBCF4	숏	1735	0x8EF2	0x72B52
1212	0xBCF5	숑	1736	0x8EF3	0x72B70
1213	0xBCF6	수	1737	0x8EF4	0x72B8E
1214	0xBCF7	숙	1738	0x8EF5	0x72BAC
1215	0xBCF8	순	1739	0x8EF6	0x72BCA
1216	0xBCF9	숟	1740	0x8EF7	0x72BE8
1217	0xBCFA	술	1741	0x8EF8	0x72C06
1218	0xBCFB	숨	1742	0x8EF9	0x72C24
1219	0xBCFC	숩	1743	0x8EFA	0x72C42
1220	0xBCFD	숫	1744	0x8EFB	0x72C60
1221	0xBCFE	숭	1745	0x8EFC	0x72C7E
1222	0xBDA1	숯	1746	0x8F40	0x72C9C
1223	0xBDA2	숱	1747	0x8F41	0x72CBA
1224	0xBDA3	숲	1748	0x8F42	0x72CD8
1225	0xBDA4	숴	1749	0x8F43	0x72CF6
1226	0xBDA5	쉈	1750	0x8F44	0x72D14
1227	0xBDA6	쉐	1751	0x8F45	0x72D32
1228	0xBDA7	쉑	1752	0x8F46	0x72D50
1229	0xBDA8	쉔	1753	0x8F47	0x72D6E
1230	0xBDA9	쉘	1754	0x8F48	0x72D8C
1231	0xBDAA	쉠	1755	0x8F49	0x72DAA
1232	0xBDAB	쉥	1756	0x8F4A	0x72DC8
1233	0xBDAC	쉬	1757	0x8F4B	0x72DE6
1234	0xBDAD	쉭	1758	0x8F4C	0x72E04
1235	0xBDAE	쉰	1759	0x8F4D	0x72E22
1236	0xBDAF	쉴	1760	0x8F4E	0x72E40
1237	0xBDB0	쉼	1761	0x8F4F	0x72E5E
1238	0xBDB1	쉽	1762	0x8F50	0x72E7C
1239	0xBDB2	쉿	1763	0x8F51	0x72E9A
1240	0xBDB3	슁	1764	0x8F52	0x72EB8
1241	0xBDB4	슈	1765	0x8F53	0x72ED6
1242	0xBDB5	슉	1766	0x8F54	0x72EF4
1243	0xBDB6	슐	1767	0x8F55	0x72F12
1244	0xBDB7	슘	1768	0x8F56	0x72F30
1245	0xBDB8	슛	1769	0x8F57	0x72F4E
1246	0xBDB9	슝	1770	0x8F58	0x72F6C
1247	0xBDBA	스	1771	0x8F59	0x72F8A
1248	0xBDBB	슥	1772	0x8F5A	0x72FA8
1249	0xBDBC	슨	1773	0x8F5B	0x72FC6
1250	0xBDBD	슬	1774	0x8F5C	0x72FE4
1251	0xBDBE	슭	1775	0x8F5D	0x73002
1252	0xBDBF	슴	1776	0x8F5E	0x73020
1253	0xBDC0	습	1777	0x8F5F	0x7303E
1254	0xBDC1	슷	1778	0x8F60	0x7305C
1255	0xBDC2	승	1779	0x8F61	0x7307A
1256	0xBDC3	시	1780	0x8F62	0x73098
1257	0xBDC4	식	1781	0x8F63	0x730B6
1258	0xBDC5	신	1782	0x8F64	0x730D4
1259	0xBDC6	싣	1783	0x8F65	0x730F2
1260	0xBDC7	실	1784	0x8F66	0x73110
1261	0xBDC8	싫	1785	0x8F67	0x7312E
1262	0xBDC9	심	1786	0x8F68	0x7314C
1263	0xBDCA	십	1787	0x8F69	0x7316A
1264	0xBDCB	싯	1788	0x8F6A	0x73188
1265	0xBDCC	싱	1789	0x8F6B	0x731A6
1266	0xBDCD	싶	1790	0x8F6C	0x731C4
1267	0xBDCE	싸	1791	0x8F6D	0x731E2
1268	0xBDCF	싹	1792	0x8F6E	0x73200
1269	0xBDD0	싻	1793	0x8F6F	0x7321E
1270	0xBDD1	싼	1794	0x8F70	0x7323C
1271	0xBDD2	쌀	1795	0x8F71	0x7325A
1272	0xBDD3	쌈	1796	0x8F72	0x73278
1273	0xBDD4	쌉	1797	0x8F73	0x73296
1274	0xBDD5	쌌	1798	0x8F74	0x732B4
1275	0xBDD6	쌍	1799	0x8F75	0x732D2
1276	0xBDD7	쌓	1800	0x8F76	0x732F0
1277	0xBDD8	쌔	1801	0x8F77	0x7330E
1278	0xBDD9	쌕	1802	0x8F78	0x7332C
1279	0xBDDA	쌘	1803	0x8F79	0x7334A
1280	0xBDDB	쌜	1804	0x8F7A	0x73368
1281	0xBDDC	쌤	1805	0x8F7B	0x73386
1282	0xBDDD	쌥	1806	0x8F7C	0x733A4
1283	0xBDDE	쌨	1807	0x8F7D	0x733C2
1284	0xBDDF	쌩	1808	0x8F7E	0x733E0
1285	0xBDE0	썅	1809	0x8F80	0x733FE
1286	0xBDE1	써	1810	0x8F81	0x7341C
1287	0xBDE2	썩	1811	0x8F82	0x7343A
1288	0xBDE3	썬	1812	0x8F83	0x73458
1289	0xBDE4	썰	1813	0x8F84	0x73476
1290	0xBDE5	썲	1814	0x8F85	0x73494
1291	0xBDE6	썸	1815	0x8F86	0x734B2
1292	0xBDE7	썹	1816	0x8F87	0x734D0
1293	0xBDE8	썼	1817	0x8F88	0x734EE
1294	0xBDE9	썽	1818	0x8F89	0x7350C
1295	0xBDEA	쎄	1819	0x8F8A	0x7352A
1296	0xBDEB	쎈	1820	0x8F8B	0x73548
1297	0xBDEC	쎌	1821	0x8F8C	0x73566
1298	0xBDED	쏀	1822	0x8F8D	0x73584
1299	0xBDEE	쏘	1823	0x8F8E	0x735A2
1300	0xBDEF	쏙	1824	0x8F8F	0x735C0
1301	0xBDF0	쏜	1825	0x8F90	0x735DE
1302	0xBDF1	쏟	1826	0x8F91	0x735FC
1303	0xBDF2	쏠	1827	0x8F92	0x7361A
1304	0xBDF3	쏢	1828	0x8F93	0x73638
1305	0xBDF4	쏨	1829	0x8F94	0x73656
1306	0xBDF5	쏩	1830	0x8F95	0x73674
1307	0xBDF6	쏭	1831	0x8F96	0x73692
1308	0xBDF7	쏴	1832	0x8F97	0x736B0
1309	0xBDF8	쏵	1833	0x8F98	0x736CE
1310	0xBDF9	쏸	1834	0x8F99	0x736EC
1311	0xBDFA	쐈	1835	0x8F9A	0x7370A
1312	0xBDFB	쐐	1836	0x8F9B	0x73728
1313	0xBDFC	쐤	1837	0x8F9C	0x73746
1314	0xBDFD	쐬	1838	0x8F9D	0x73764
1315	0xBDFE	쐰	1839	0x8F9E	0x73782
1316	0xBEA1	쐴	1840	0x8F9F	0x737A0
1317	0xBEA2	쐼	1841	0x8FA0	0x737BE
1318	0xBEA3	쐽	1842	0x8FA1	0x737DC
1319	0xBEA4	쑈	1843	0x8FA2	0x737FA
1320	0xBEA5	쑤	1844	0x8FA3	0x73818
1321	0xBEA6	쑥	1845	0x8FA4	0x73836
1322	0xBEA7	쑨	1846	0x8FA5	0x73854
1323	0xBEA8	쑬	1847	0x8FA6	0x73872
1324	0xBEA9	쑴	1848	0x8FA7	0x73890
1325	0xBEAA	쑵	1849	0x8FA8	0x738AE
1326	0xBEAB	쑹	1850	0x8FA9	0x738CC
1327	0xBEAC	쒀	1851	0x8FAA	0x738EA
1328	0xBEAD	쒔	1852	0x8FAB	0x73908
1329	0xBEAE	쒜	1853	0x8FAC	0x73926
1330	0xBEAF	쒸	1854	0x8FAD	0x73944
1331	0xBEB0	쒼	1855	0x8FAE	0x73962
1332	0xBEB1	쓩	1856	0x8FAF	0x73980
1333	0xBEB2	쓰	1857	0x8FB0	0x7399E
1334	0xBEB3	쓱	1858	0x8FB1	0x739BC
1335	0xBEB4	쓴	1859	0x8FB2	0x739DA
1336	0xBEB5	쓸	1860	0x8FB3	0x739F8
1337	0xBEB6	쓺	1861	0x8FB4	0x73A16
1338	0xBEB7	쓿	1862	0x8FB5	0x73A34
1339	0xBEB8	씀	1863	0x8FB6	0x73A52
1340	0xBEB9	씁	1864	0x8FB7	0x73A70
1341	0xBEBA	씌	1865	0x8FB8	0x73A8E
1342	0xBEBB	씐	1866	0x8FB9	0x73AAC
1343	0xBEBC	씔	1867	0x8FBA	0x73ACA
1344	0xBEBD	씜	1868	0x8FBB	0x73AE8
1345	0xBEBE	씨	1869	0x8FBC	0x73B06
1346	0xBEBF	씩	1870	0x8FBD	0x73B24
1347	0xBEC0	씬	1871	0x8FBE	0x73B42
1348	0xBEC1	씰	1872	0x8FBF	0x73B60
1349	0xBEC2	씸	1873	0x8FC0	0x73B7E
1350	0xBEC3	씹	1874	0x8FC1	0x73B9C
1351	0xBEC4	씻	1875	0x8FC2	0x73BBA
1352	0xBEC5	씽	1876	0x8FC3	0x73BD8
1353	0xBEC6	아	1877	0x8FC4	0x73BF6
1354	0xBEC7	악	1878	0x8FC5	0x73C14
1355	0xBEC8	안	1879	0x8FC6	0x73C32
1356	0xBEC9	앉	1880	0x8FC7	0x73C50
1357	0xBECA	않	1881	0x8FC8	0x73C6E
1358	0xBECB	알	1882	0x8FC9	0x73C8C
1359	0xBECC	앍	1883	0x8FCA	0x73CAA
1360	0xBECD	앎	1884	0x8FCB	0x73CC8
1361	0xBECE	앓	1885	0x8FCC	0x73CE6
1362	0xBECF	암	1886	0x8FCD	0x73D04
1363	0xBED0	압	1887	0x8FCE	0x73D22
1364	0xBED1	앗	1888	0x8FCF	0x73D40
1365	0xBED2	았	1889	0x8FD0	0x73D5E
1366	0xBED3	앙	1890	0x8FD1	0x73D7C
1367	0xBED4	앝	1891	0x8FD2	0x73D9A
1368	0xBED5	앞	1892	0x8FD3	0x73DB8
1369	0xBED6	애	1893	0x8FD4	0x73DD6
1370	0xBED7	액	1894	0x8FD5	0x73DF4
1371	0xBED8	앤	1895	0x8FD6	0x73E12
1372	0xBED9	앨	1896	0x8FD7	0x73E30
1373	0xBEDA	앰	1897	0x8FD8	0x73E4E
1374	0xBEDB	앱	1898	0x8FD9	0x73E6C
1375	0xBEDC	앳	1899	0x8FDA	0x73E8A
1376	0xBEDD	앴	1900	0x8FDB	0x73EA8
1377	0xBEDE	앵	1901	0x8FDC	0x73EC6
1378	0xBEDF	야	1902	0x8FDD	0x73EE4
1379	0xBEE0	약	1903	0x8FDE	0x73F02
1380	0xBEE1	얀	1904	0x8FDF	0x73F20
1381	0xBEE2	얄	1905	0x8FE0	0x73F3E
1382	0xBEE3	얇	1906	0x8FE1	0x73F5C
1383	0xBEE4	얌	1907	0x8FE2	0x73F7A
1384	0xBEE5	얍	1908	0x8FE3	0x73F98
1385	0xBEE6	얏	1909	0x8FE4	0x73FB6
1386	0xBEE7	양	1910	0x8FE5	0x73FD4
1387	0xBEE8	얕	1911	0x8FE6	0x73FF2
1388	0xBEE9	얗	1912	0x8FE7	0x74010
1389	0xBEEA	얘	1913	0x8FE8	0x7402E
1390	0xBEEB	얜	1914	0x8FE9	0x7404C
1391	0xBEEC	얠	1915	0x8FEA	0x7406A
1392	0xBEED	얩	1916	0x8FEB	0x74088
1393	0xBEEE	어	1917	0x8FEC	0x740A6
1394	0xBEEF	억	1918	0x8FED	0x740C4
1395	0xBEF0	언	1919	0x8FEE	0x740E2
1396	0xBEF1	얹	1920	0x8FEF	0x74100
1397	0xBEF2	얻	1921	0x8FF0	0x7411E
1398	0xBEF3	얼	1922	0x8FF1	0x7413C
1399	0xBEF4	얽	1923	0x8FF2	0x7415A
1400	0xBEF5	얾	1924	0x8FF3	0x74178
1401	0xBEF6	엄	1925	0x8FF4	0x74196
1402	0xBEF7	업	1926	0x8FF5	0x741B4
1403	0xBEF8	없	1927	0x8FF6	0x741D2
1404	0xBEF9	엇	1928	0x8FF7	0x741F0
1405	0xBEFA	었	1929	0x8FF8	0x7420E
1406	0xBEFB	엉	1930	0x8FF9	0x7422C
1407	0xBEFC	엊	1931	0x8FFA	0x7424A
1408	0xBEFD	엌	1932	0x8FFB	0x74268
1409	0xBEFE	엎	1933	0x8FFC	0x74286
1410	0xBFA1	에	1934	0x9040	0x742A4
1411	0xBFA2	엑	1935	0x9041	0x742C2
1412	0xBFA3	엔	1936	0x9042	0x742E0
1413	0xBFA4	엘	1937	0x9043	0x742FE
1414	0xBFA5	엠	1938	0x9044	0x7431C
1415	0xBFA6	엡	1939	0x9045	0x7433A
1416	0xBFA7	엣	1940	0x9046	0x74358
1417	0xBFA8	엥	1941	0x9047	0x74376
1418	0xBFA9	여	1942	0x9048	0x74394
1419	0xBFAA	역	1943	0x9049	0x743B2
1420	0xBFAB	엮	1944	0x904A	0x743D0
1421	0xBFAC	연	1945	0x904B	0x743EE
1422	0xBFAD	열	1946	0x904C	0x7440C
1423	0xBFAE	엶	1947	0x904D	0x7442A
1424	0xBFAF	엷	1948	0x904E	0x74448
1425	0xBFB0	염	1949	0x904F	0x74466
1426	0xBFB1	엽	1950	0x9050	0x74484
1427	0xBFB2	엾	1951	0x9051	0x744A2
1428	0xBFB3	엿	1952	0x9052	0x744C0
1429	0xBFB4	였	1953	0x9053	0x744DE
1430	0xBFB5	영	1954	0x9054	0x744FC
1431	0xBFB6	옅	1955	0x9055	0x7451A
1432	0xBFB7	옆	1956	0x9056	0x74538
1433	0xBFB8	옇	1957	0x9057	0x74556
1434	0xBFB9	예	1958	0x9058	0x74574
1435	0xBFBA	옌	1959	0x9059	0x74592
1436	0xBFBB	옐	1960	0x905A	0x745B0
1437	0xBFBC	옘	1961	0x905B	0x745CE
1438	0xBFBD	옙	1962	0x905C	0x745EC
1439	0xBFBE	옛	1963	0x905D	0x7460A
1440	0xBFBF	옜	1964	0x905E	0x74628
1441	0xBFC0	오	1965	0x905F	0x74646
1442	0xBFC1	옥	1966	0x9060	0x74664
1443	0xBFC2	온	1967	0x9061	0x74682
1444	0xBFC3	올	1968	0x9062	0x746A0
1445	0xBFC4	옭	1969	0x9063	0x746BE
1446	0xBFC5	옮	1970	0x9064	0x746DC
1447	0xBFC6	옰	1971	0x9065	0x746FA
1448	0xBFC7	옳	1972	0x9066	0x74718
1449	0xBFC8	옴	1973	0x9067	0x74736
1450	0xBFC9	옵	1974	0x9068	0x74754
1451	0xBFCA	옷	1975	0x9069	0x74772
1452	0xBFCB	옹	1976	0x906A	0x74790
1453	0xBFCC	옻	1977	0x906B	0x747AE
1454	0xBFCD	와	1978	0x906C	0x747CC
1455	0xBFCE	왁	1979	0x906D	0x747EA
1456	0xBFCF	완	1980	0x906E	0x74808
1457	0xBFD0	왈	1981	0x906F	0x74826
1458	0xBFD1	왐	1982	0x9070	0x74844
1459	0xBFD2	왑	1983	0x9071	0x74862
1460	0xBFD3	왓	1984	0x9072	0x74880
1461	0xBFD4	왔	1985	0x9073	0x7489E
1462	0xBFD5	왕	1986	0x9074	0x748BC
1463	0xBFD6	왜	1987	0x9075	0x748DA
1464	0xBFD7	왝	1988	0x9076	0x748F8
1465	0xBFD8	왠	1989	0x9077	0x74916
1466	0xBFD9	왬	1990	0x9078	0x74934
1467	0xBFDA	왯	1991	0x9079	0x74952
1468	0xBFDB	왱	1992	0x907A	0x74970
1469	0xBFDC	외	1993	0x907B	0x7498E
1470	0xBFDD	왹	1994	0x907C	0x749AC
1471	0xBFDE	왼	1995	0x907D	0x749CA
1472	0xBFDF	욀	1996	0x907E	0x749E8
1473	0xBFE0	욈	1997	0x9080	0x74A06
1474	0xBFE1	욉	1998	0x9081	0x74A24
1475	0xBFE2	욋	1999	0x9082	0x74A42
1476	0xBFE3	욍	2000	0x9083	0x74A60
1477	0xBFE4	요	2001	0x9084	0x74A7E
1478	0xBFE5	욕	2002	0x9085	0x74A9C
1479	0xBFE6	욘	2003	0x9086	0x74ABA
1480	0xBFE7	욜	2004	0x9087	0x74AD8
1481	0xBFE8	욤	2005	0x9088	0x74AF6
1482	0xBFE9	욥	2006	0x9089	0x74B14
1483	0xBFEA	욧	2007	0x908A	0x74B32
1484	0xBFEB	용	2008	0x908B	0x74B50
1485	0xBFEC	우	2009	0x908C	0x74B6E
1486	0xBFED	욱	2010	0x908D	0x74B8C
1487	0xBFEE	운	2011	0x908E	0x74BAA
1488	0xBFEF	울	2012	0x908F	0x74BC8
1489	0xBFF0	욹	2013	0x9090	0x74BE6
1490	0xBFF1	욺	2014	0x9091	0x74C04
1491	0xBFF2	움	2015	0x9092	0x74C22
1492	0xBFF3	웁	2016	0x9093	0x74C40
1493	0xBFF4	웃	2017	0x9094	0x74C5E
1494	0xBFF5	웅	2018	0x9095	0x74C7C
1495	0xBFF6	워	2019	0x9096	0x74C9A
1496	0xBFF7	웍	2020	0x9097	0x74CB8
1497	0xBFF8	원	2021	0x9098	0x74CD6
1498	0xBFF9	월	2022	0x9099	0x74CF4
1499	0xBFFA	웜	2023	0x909A	0x74D12
1500	0xBFFB	웝	2024	0x909B	0x74D30
1501	0xBFFC	웠	2025	0x909C	0x74D4E
1502	0xBFFD	웡	2026	0x909D	0x74D6C
1503	0xBFFE	웨	2027	0x909E	0x74D8A
1504	0xC0A1	웩	2028	0x909F	0x74DA8
1505	0xC0A2	웬	2029	0x90A0	0x74DC6
1506	0xC0A3	웰	2030	0x90A1	0x74DE4
1507	0xC0A4	웸	2031	0x90A2	0x74E02
1508	0xC0A5	웹	2032	0x90A3	0x74E20
1509	0xC0A6	웽	2033	0x90A4	0x74E3E
1510	0xC0A7	위	2034	0x90A5	0x74E5C
1511	0xC0A8	윅	2035	0x90A6	0x74E7A
1512	0xC0A9	윈	2036	0x90A7	0x74E98
1513	0xC0AA	윌	2037	0x90A8	0x74EB6
1514	0xC0AB	윔	2038	0x90A9	0x74ED4
1515	0xC0AC	윕	2039	0x90AA	0x74EF2
1516	0xC0AD	윗	2040	0x90AB	0x74F10
1517	0xC0AE	윙	2041	0x90AC	0x74F2E
1518	0xC0AF	유	2042	0x90AD	0x74F4C
1519	0xC0B0	육	2043	0x90AE	0x74F6A
1520	0xC0B1	윤	2044	0x90AF	0x74F88
1521	0xC0B2	율	2045	0x90B0	0x74FA6
1522	0xC0B3	윰	2046	0x90B1	0x74FC4
1523	0xC0B4	윱	2047	0x90B2	0x74FE2
1524	0xC0B5	윳	2048	0x90B3	0x75000
1525	0xC0B6	융	2049	0x90B4	0x7501E
1526	0xC0B7	윷	2050	0x90B5	0x7503C
1527	0xC0B8	으	2051	0x90B6	0x7505A
1528	0xC0B9	윽	2052	0x90B7	0x75078
1529	0xC0BA	은	2053	0x90B8	0x75096
1530	0xC0BB	을	2054	0x90B9	0x750B4
1531	0xC0BC	읊	2055	0x90BA	0x750D2
1532	0xC0BD	음	2056	0x90BB	0x750F0
1533	0xC0BE	읍	2057	0x90BC	0x7510E
1534	0xC0BF	읏	2058	0x90BD	0x7512C
1535	0xC0C0	응	2059	0x90BE	0x7514A
1536	0xC0C1	읒	2060	0x90BF	0x75168
1537	0xC0C2	읓	2061	0x90C0	0x75186
1538	0xC0C3	읔	2062	0x90C1	0x751A4
1539	0xC0C4	읕	2063	0x90C2	0x751C2
1540	0xC0C5	읖	2064	0x90C3	0x751E0
1541	0xC0C6	읗	2065	0x90C4	0x751FE
1542	0xC0C7	의	2066	0x90C5	0x7521C
1543	0xC0C8	읜	2067	0x90C6	0x7523A
1544	0xC0C9	읠	2068	0x90C7	0x75258
1545	0xC0CA	읨	2069	0x90C8	0x75276
1546	0xC0CB	읫	2070	0x90C9	0x75294
1547	0xC0CC	이	2071	0x90CA	0x752B2
1548	0xC0CD	익	2072	0x90CB	0x752D0
1549	0xC0CE	인	2073	0x90CC	0x752EE
1550	0xC0CF	일	2074	0x90CD	0x7530C
1551	0xC0D0	읽	2075	0x90CE	0x7532A
1552	0xC0D1	읾	2076	0x90CF	0x75348
1553	0xC0D2	잃	2077	0x90D0	0x75366
1554	0xC0D3	임	2078	0x90D1	0x75384
1555	0xC0D4	입	2079	0x90D2	0x753A2
1556	0xC0D5	잇	2080	0x90D3	0x753C0
1557	0xC0D6	있	2081	0x90D4	0x753DE
1558	0xC0D7	잉	2082	0x90D5	0x753FC
1559	0xC0D8	잊	2083	0x90D6	0x7541A
1560	0xC0D9	잎	2084	0x90D7	0x75438
1561	0xC0DA	자	2085	0x90D8	0x75456
1562	0xC0DB	작	2086	0x90D9	0x75474
1563	0xC0DC	잔	2087	0x90DA	0x75492
1564	0xC0DD	잖	2088	0x90DB	0x754B0
1565	0xC0DE	잗	2089	0x90DC	0x754CE
1566	0xC0DF	잘	2090	0x90DD	0x754EC
1567	0xC0E0	잚	2091	0x90DE	0x7550A
1568	0xC0E1	잠	2092	0x90DF	0x75528
1569	0xC0E2	잡	2093	0x90E0	0x75546
1570	0xC0E3	잣	2094	0x90E1	0x75564
1571	0xC0E4	잤	2095	0x90E2	0x75582
1572	0xC0E5	장	2096	0x90E3	0x755A0
1573	0xC0E6	잦	2097	0x90E4	0x755BE
1574	0xC0E7	재	2098	0x90E5	0x755DC
1575	0xC0E8	잭	2099	0x90E6	0x755FA
1576	0xC0E9	잰	2100	0x90E7	0x75618
1577	0xC0EA	잴	2101	0x90E8	0x75636
1578	0xC0EB	잼	2102	0x90E9	0x75654
1579	0xC0EC	잽	2103	0x90EA	0x75672
1580	0xC0ED	잿	2104	0x90EB	0x75690
1581	0xC0EE	쟀	2105	0x90EC	0x756AE
1582	0xC0EF	쟁	2106	0x90ED	0x756CC
1583	0xC0F0	쟈	2107	0x90EE	0x756EA
1584	0xC0F1	쟉	2108	0x90EF	0x75708
1585	0xC0F2	쟌	2109	0x90F0	0x75726
1586	0xC0F3	쟎	2110	0x90F1	0x75744
1587	0xC0F4	쟐	2111	0x90F2	0x75762
1588	0xC0F5	쟘	2112	0x90F3	0x75780
1589	0xC0F6	쟝	2113	0x90F4	0x7579E
1590	0xC0F7	쟤	2114	0x90F5	0x757BC
1591	0xC0F8	쟨	2115	0x90F6	0x757DA
1592	0xC0F9	쟬	2116	0x90F7	0x757F8
1593	0xC0FA	저	2117	0x90F8	0x75816
1594	0xC0FB	적	2118	0x90F9	0x75834
1595	0xC0FC	전	2119	0x90FA	0x75852
1596	0xC0FD	절	2120	0x90FB	0x75870
1597	0xC0FE	젊	2121	0x90FC	0x7588E
1598	0xC1A1	점	2122	0x9140	0x758AC
1599	0xC1A2	접	2123	0x9141	0x758CA
1600	0xC1A3	젓	2124	0x9142	0x758E8
1601	0xC1A4	정	2125	0x9143	0x75906
1602	0xC1A5	젖	2126	0x9144	0x75924
1603	0xC1A6	제	2127	0x9145	0x75942
1604	0xC1A7	젝	2128	0x9146	0x75960
1605	0xC1A8	젠	2129	0x9147	0x7597E
1606	0xC1A9	젤	2130	0x9148	0x7599C
1607	0xC1AA	젬	2131	0x9149	0x759BA
1608	0xC1AB	젭	2132	0x914A	0x759D8
1609	0xC1AC	젯	2133	0x914B	0x759F6
1610	0xC1AD	젱	2134	0x914C	0x75A14
1611	0xC1AE	져	2135	0x914D	0x75A32
1612	0xC1AF	젼	2136	0x914E	0x75A50
1613	0xC1B0	졀	2137	0x914F	0x75A6E
1614	0xC1B1	졈	2138	0x9150	0x75A8C
1615	0xC1B2	졉	2139	0x9151	0x75AAA
1616	0xC1B3	졌	2140	0x9152	0x75AC8
1617	0xC1B4	졍	2141	0x9153	0x75AE6
1618	0xC1B5	졔	2142	0x9154	0x75B04
1619	0xC1B6	조	2143	0x9155	0x75B22
1620	0xC1B7	족	2144	0x9156	0x75B40
1621	0xC1B8	존	2145	0x9157	0x75B5E
1622	0xC1B9	졸	2146	0x9158	0x75B7C
1623	0xC1BA	졺	2147	0x9159	0x75B9A
1624	0xC1BB	좀	2148	0x915A	0x75BB8
1625	0xC1BC	좁	2149	0x915B	0x75BD6
1626	0xC1BD	좃	2150	0x915C	0x75BF4
1627	0xC1BE	종	2151	0x915D	0x75C12
1628	0xC1BF	좆	2152	0x915E	0x75C30
1629	0xC1C0	좇	2153	0x915F	0x75C4E
1630	0xC1C1	좋	2154	0x9160	0x75C6C
1631	0xC1C2	좌	2155	0x9161	0x75C8A
1632	0xC1C3	좍	2156	0x9162	0x75CA8
1633	0xC1C4	좔	2157	0x9163	0x75CC6
1634	0xC1C5	좝	2158	0x9164	0x75CE4
1635	0xC1C6	좟	2159	0x9165	0x75D02
1636	0xC1C7	좡	2160	0x9166	0x75D20
1637	0xC1C8	좨	2161	0x9167	0x75D3E
1638	0xC1C9	좼	2162	0x9168	0x75D5C
1639	0xC1CA	좽	2163	0x9169	0x75D7A
1640	0xC1CB	죄	2164	0x916A	0x75D98
1641	0xC1CC	죈	2165	0x916B	0x75DB6
1642	0xC1CD	죌	2166	0x916C	0x75DD4
1643	0xC1CE	죔	2167	0x916D	0x75DF2
1644	0xC1CF	죕	2168	0x916E	0x75E10
1645	0xC1D0	죗	2169	0x916F	0x75E2E
1646	0xC1D1	죙	2170	0x9170	0x75E4C
1647	0xC1D2	죠	2171	0x9171	0x75E6A
1648	0xC1D3	죡	2172	0x9172	0x75E88
1649	0xC1D4	죤	2173	0x9173	0x75EA6
1650	0xC1D5	죵	2174	0x9174	0x75EC4
1651	0xC1D6	주	2175	0x9175	0x75EE2
1652	0xC1D7	죽	2176	0x9176	0x75F00
1653	0xC1D8	준	2177	0x9177	0x75F1E
1654	0xC1D9	줄	2178	0x9178	0x75F3C
1655	0xC1DA	줅	2179	0x9179	0x75F5A
1656	0xC1DB	줆	2180	0x917A	0x75F78
1657	0xC1DC	줌	2181	0x917B	0x75F96
1658	0xC1DD	줍	2182	0x917C	0x75FB4
1659	0xC1DE	줏	2183	0x917D	0x75FD2
1660	0xC1DF	중	2184	0x917E	0x75FF0
1661	0xC1E0	줘	2185	0x9180	0x7600E
1662	0xC1E1	줬	2186	0x9181	0x7602C
1663	0xC1E2	줴	2187	0x9182	0x7604A
1664	0xC1E3	쥐	2188	0x9183	0x76068
1665	0xC1E4	쥑	2189	0x9184	0x76086
1666	0xC1E5	쥔	2190	0x9185	0x760A4
1667	0xC1E6	쥘	2191	0x9186	0x760C2
1668	0xC1E7	쥠	2192	0x9187	0x760E0
1669	0xC1E8	쥡	2193	0x9188	0x760FE
1670	0xC1E9	쥣	2194	0x9189	0x7611C
1671	0xC1EA	쥬	2195	0x918A	0x7613A
1672	0xC1EB	쥰	2196	0x918B	0x76158
1673	0xC1EC	쥴	2197	0x918C	0x76176
1674	0xC1ED	쥼	2198	0x918D	0x76194
1675	0xC1EE	즈	2199	0x918E	0x761B2
1676	0xC1EF	즉	2200	0x918F	0x761D0
1677	0xC1F0	즌	2201	0x9190	0x761EE
1678	0xC1F1	즐	2202	0x9191	0x7620C
1679	0xC1F2	즘	2203	0x9192	0x7622A
1680	0xC1F3	즙	2204	0x9193	0x76248
1681	0xC1F4	즛	2205	0x9194	0x76266
1682	0xC1F5	증	2206	0x9195	0x76284
1683	0xC1F6	지	2207	0x9196	0x762A2
1684	0xC1F7	직	2208	0x9197	0x762C0
1685	0xC1F8	진	2209	0x9198	0x762DE
1686	0xC1F9	짇	2210	0x9199	0x762FC
1687	0xC1FA	질	2211	0x919A	0x7631A
1688	0xC1FB	짊	2212	0x919B	0x76338
1689	0xC1FC	짐	2213	0x919C	0x76356
1690	0xC1FD	집	2214	0x919D	0x76374
1691	0xC1FE	짓	2215	0x919E	0x76392
1692	0xC2A1	징	2216	0x919F	0x763B0
1693	0xC2A2	짖	2217	0x91A0	0x763CE
1694	0xC2A3	짙	2218	0x91A1	0x763EC
1695	0xC2A4	짚	2219	0x91A2	0x7640A
1696	0xC2A5	짜	2220	0x91A3	0x76428
1697	0xC2A6	짝	2221	0x91A4	0x76446
1698	0xC2A7	짠	2222	0x91A5	0x76464
1699	0xC2A8	짢	2223	0x91A6	0x76482
1700	0xC2A9	짤	2224	0x91A7	0x764A0
1701	0xC2AA	짧	2225	0x91A8	0x764BE
1702	0xC2AB	짬	2226	0x91A9	0x764DC
1703	0xC2AC	짭	2227	0x91AA	0x764FA
1704	0xC2AD	짯	2228	0x91AB	0x76518
1705	0xC2AE	짰	2229	0x91AC	0x76536
1706	0xC2AF	짱	2230	0x91AD	0x76554
1707	0xC2B0	째	2231	0x91AE	0x76572
1708	0xC2B1	짹	2232	0x91AF	0x76590
1709	0xC2B2	짼	2233	0x91B0	0x765AE
1710	0xC2B3	쨀	2234	0x91B1	0x765CC
1711	0xC2B4	쨈	2235	0x91B2	0x765EA
1712	0xC2B5	쨉	2236	0x91B3	0x76608
1713	0xC2B6	쨋	2237	0x91B4	0x76626
1714	0xC2B7	쨌	2238	0x91B5	0x76644
1715	0xC2B8	쨍	2239	0x91B6	0x76662
1716	0xC2B9	쨔	2240	0x91B7	0x76680
1717	0xC2BA	쨘	2241	0x91B8	0x7669E
1718	0xC2BB	쨩	2242	0x91B9	0x766BC
1719	0xC2BC	쩌	2243	0x91BA	0x766DA
1720	0xC2BD	쩍	2244	0x91BB	0x766F8
1721	0xC2BE	쩐	2245	0x91BC	0x76716
1722	0xC2BF	쩔	2246	0x91BD	0x76734
1723	0xC2C0	쩜	2247	0x91BE	0x76752
1724	0xC2C1	쩝	2248	0x91BF	0x76770
1725	0xC2C2	쩟	2249	0x91C0	0x7678E
1726	0xC2C3	쩠	2250	0x91C1	0x767AC
1727	0xC2C4	쩡	2251	0x91C2	0x767CA
1728	0xC2C5	쩨	2252	0x91C3	0x767E8
1729	0xC2C6	쩽	2253	0x91C4	0x76806
1730	0xC2C7	쪄	2254	0x91C5	0x76824
1731	0xC2C8	쪘	2255	0x91C6	0x76842
1732	0xC2C9	쪼	2256	0x91C7	0x76860
1733	0xC2CA	쪽	2257	0x91C8	0x7687E
1734	0xC2CB	쫀	2258	0x91C9	0x7689C
1735	0xC2CC	쫄	2259	0x91CA	0x768BA
1736	0xC2CD	쫌	2260	0x91CB	0x768D8
1737	0xC2CE	쫍	2261	0x91CC	0x768F6
1738	0xC2CF	쫏	2262	0x91CD	0x76914
1739	0xC2D0	쫑	2263	0x91CE	0x76932
1740	0xC2D1	쫓	2264	0x91CF	0x76950
1741	0xC2D2	쫘	2265	0x91D0	0x7696E
1742	0xC2D3	쫙	2266	0x91D1	0x7698C
1743	0xC2D4	쫠	2267	0x91D2	0x769AA
1744	0xC2D5	쫬	2268	0x91D3	0x769C8
1745	0xC2D6	쫴	2269	0x91D4	0x769E6
1746	0xC2D7	쬈	2270	0x91D5	0x76A04
1747	0xC2D8	쬐	2271	0x91D6	0x76A22
1748	0xC2D9	쬔	2272	0x91D7	0x76A40
1749	0xC2DA	쬘	2273	0x91D8	0x76A5E
1750	0xC2DB	쬠	2274	0x91D9	0x76A7C
1751	0xC2DC	쬡	2275	0x91DA	0x76A9A
1752	0xC2DD	쭁	2276	0x91DB	0x76AB8
1753	0xC2DE	쭈	2277	0x91DC	0x76AD6
1754	0xC2DF	쭉	2278	0x91DD	0x76AF4
1755	0xC2E0	쭌	2279	0x91DE	0x76B12
1756	0xC2E1	쭐	2280	0x91DF	0x76B30
1757	0xC2E2	쭘	2281	0x91E0	0x76B4E
1758	0xC2E3	쭙	2282	0x91E1	0x76B6C
1759	0xC2E4	쭝	2283	0x91E2	0x76B8A
1760	0xC2E5	쭤	2284	0x91E3	0x76BA8
1761	0xC2E6	쭸	2285	0x91E4	0x76BC6
1762	0xC2E7	쭹	2286	0x91E5	0x76BE4
1763	0xC2E8	쮜	2287	0x91E6	0x76C02
1764	0xC2E9	쮸	2288	0x91E7	0x76C20
1765	0xC2EA	쯔	2289	0x91E8	0x76C3E
1766	0xC2EB	쯤	2290	0x91E9	0x76C5C
1767	0xC2EC	쯧	2291	0x91EA	0x76C7A
1768	0xC2ED	쯩	2292	0x91EB	0x76C98
1769	0xC2EE	찌	2293	0x91EC	0x76CB6
1770	0xC2EF	찍	2294	0x91ED	0x76CD4
1771	0xC2F0	찐	2295	0x91EE	0x76CF2
1772	0xC2F1	찔	2296	0x91EF	0x76D10
1773	0xC2F2	찜	2297	0x91F0	0x76D2E
1774	0xC2F3	찝	2298	0x91F1	0x76D4C
1775	0xC2F4	찡	2299	0x91F2	0x76D6A
1776	0xC2F5	찢	2300	0x91F3	0x76D88
1777	0xC2F6	찧	2301	0x91F4	0x76DA6
1778	0xC2F7	차	2302	0x91F5	0x76DC4
1779	0xC2F8	착	2303	0x91F6	0x76DE2
1780	0xC2F9	찬	2304	0x91F7	0x76E00
1781	0xC2FA	찮	2305	0x91F8	0x76E1E
1782	0xC2FB	찰	2306	0x91F9	0x76E3C
1783	0xC2FC	참	2307	0x91FA	0x76E5A
1784	0xC2FD	찹	2308	0x91FB	0x76E78
1785	0xC2FE	찻	2309	0x91FC	0x76E96
1786	0xC3A1	찼	2310	0x9240	0x76EB4
1787	0xC3A2	창	2311	0x9241	0x76ED2
1788	0xC3A3	찾	2312	0x9242	0x76EF0
1789	0xC3A4	채	2313	0x9243	0x76F0E
1790	0xC3A5	책	2314	0x9244	0x76F2C
1791	0xC3A6	챈	2315	0x9245	0x76F4A
1792	0xC3A7	챌	2316	0x9246	0x76F68
1793	0xC3A8	챔	2317	0x9247	0x76F86
1794	0xC3A9	챕	2318	0x9248	0x76FA4
1795	0xC3AA	챗	2319	0x9249	0x76FC2
1796	0xC3AB	챘	2320	0x924A	0x76FE0
1797	0xC3AC	챙	2321	0x924B	0x76FFE
1798	0xC3AD	챠	2322	0x924C	0x7701C
1799	0xC3AE	챤	2323	0x924D	0x7703A
1800	0xC3AF	챦	2324	0x924E	0x77058
1801	0xC3B0	챨	2325	0x924F	0x77076
1802	0xC3B1	챰	2326	0x9250	0x77094
1803	0xC3B2	챵	2327	0x9251	0x770B2
1804	0xC3B3	처	2328	0x9252	0x770D0
1805	0xC3B4	척	2329	0x9253	0x770EE
1806	0xC3B5	천	2330	0x9254	0x7710C
1807	0xC3B6	철	2331	0x9255	0x7712A
1808	0xC3B7	첨	2332	0x9256	0x77148
1809	0xC3B8	첩	2333	0x9257	0x77166
1810	0xC3B9	첫	2334	0x9258	0x77184
1811	0xC3BA	첬	2335	0x9259	0x771A2
1812	0xC3BB	청	2336	0x925A	0x771C0
1813	0xC3BC	체	2337	0x925B	0x771DE
1814	0xC3BD	첵	2338	0x925C	0x771FC
1815	0xC3BE	첸	2339	0x925D	0x7721A
1816	0xC3BF	첼	2340	0x925E	0x77238
1817	0xC3C0	쳄	2341	0x925F	0x77256
1818	0xC3C1	쳅	2342	0x9260	0x77274
1819	0xC3C2	쳇	2343	0x9261	0x77292
1820	0xC3C3	쳉	2344	0x9262	0x772B0
1821	0xC3C4	쳐	2345	0x9263	0x772CE
1822	0xC3C5	쳔	2346	0x9264	0x772EC
1823	0xC3C6	쳤	2347	0x9265	0x7730A
1824	0xC3C7	쳬	2348	0x9266	0x77328
1825	0xC3C8	쳰	2349	0x9267	0x77346
1826	0xC3C9	촁	2350	0x9268	0x77364
1827	0xC3CA	초	2351	0x9269	0x77382
1828	0xC3CB	촉	2352	0x926A	0x773A0
1829	0xC3CC	촌	2353	0x926B	0x773BE
1830	0xC3CD	촐	2354	0x926C	0x773DC
1831	0xC3CE	촘	2355	0x926D	0x773FA
1832	0xC3CF	촙	2356	0x926E	0x77418
1833	0xC3D0	촛	2357	0x926F	0x77436
1834	0xC3D1	총	2358	0x9270	0x77454
1835	0xC3D2	촤	2359	0x9271	0x77472
1836	0xC3D3	촨	2360	0x9272	0x77490
1837	0xC3D4	촬	2361	0x9273	0x774AE
1838	0xC3D5	촹	2362	0x9274	0x774CC
1839	0xC3D6	최	2363	0x9275	0x774EA
1840	0xC3D7	쵠	2364	0x9276	0x77508
1841	0xC3D8	쵤	2365	0x9277	0x77526
1842	0xC3D9	쵬	2366	0x9278	0x77544
1843	0xC3DA	쵭	2367	0x9279	0x77562
1844	0xC3DB	쵯	2368	0x927A	0x77580
1845	0xC3DC	쵱	2369	0x927B	0x7759E
1846	0xC3DD	쵸	2370	0x927C	0x775BC
1847	0xC3DE	춈	2371	0x927D	0x775DA
1848	0xC3DF	추	2372	0x927E	0x775F8
1849	0xC3E0	축	2373	0x9280	0x77616
1850	0xC3E1	춘	2374	0x9281	0x77634
1851	0xC3E2	출	2375	0x9282	0x77652
1852	0xC3E3	춤	2376	0x9283	0x77670
1853	0xC3E4	춥	2377	0x9284	0x7768E
1854	0xC3E5	춧	2378	0x9285	0x776AC
1855	0xC3E6	충	2379	0x9286	0x776CA
1856	0xC3E7	춰	2380	0x9287	0x776E8
1857	0xC3E8	췄	2381	0x9288	0x77706
1858	0xC3E9	췌	2382	0x9289	0x77724
1859	0xC3EA	췐	2383	0x928A	0x77742
1860	0xC3EB	취	2384	0x928B	0x77760
1861	0xC3EC	췬	2385	0x928C	0x7777E
1862	0xC3ED	췰	2386	0x928D	0x7779C
1863	0xC3EE	췸	2387	0x928E	0x777BA
1864	0xC3EF	췹	2388	0x928F	0x777D8
1865	0xC3F0	췻	2389	0x9290	0x777F6
1866	0xC3F1	췽	2390	0x9291	0x77814
1867	0xC3F2	츄	2391	0x9292	0x77832
1868	0xC3F3	츈	2392	0x9293	0x77850
1869	0xC3F4	츌	2393	0x9294	0x7786E
1870	0xC3F5	츔	2394	0x9295	0x7788C
1871	0xC3F6	츙	2395	0x9296	0x778AA
1872	0xC3F7	츠	2396	0x9297	0x778C8
1873	0xC3F8	측	2397	0x9298	0x778E6
1874	0xC3F9	츤	2398	0x9299	0x77904
1875	0xC3FA	츨	2399	0x929A	0x77922
1876	0xC3FB	츰	2400	0x929B	0x77940
1877	0xC3FC	츱	2401	0x929C	0x7795E
1878	0xC3FD	츳	2402	0x929D	0x7797C
1879	0xC3FE	층	2403	0x929E	0x7799A
1880	0xC4A1	치	2404	0x929F	0x779B8
1881	0xC4A2	칙	2405	0x92A0	0x779D6
1882	0xC4A3	친	2406	0x92A1	0x779F4
1883	0xC4A4	칟	2407	0x92A2	0x77A12
1884	0xC4A5	칠	2408	0x92A3	0x77A30
1885	0xC4A6	칡	2409	0x92A4	0x77A4E
1886	0xC4A7	침	2410	0x92A5	0x77A6C
1887	0xC4A8	칩	2411	0x92A6	0x77A8A
1888	0xC4A9	칫	2412	0x92A7	0x77AA8
1889	0xC4AA	칭	2413	0x92A8	0x77AC6
1890	0xC4AB	카	2414	0x92A9	0x77AE4
1891	0xC4AC	칵	2415	0x92AA	0x77B02
1892	0xC4AD	칸	2416	0x92AB	0x77B20
1893	0xC4AE	칼	2417	0x92AC	0x77B3E
1894	0xC4AF	캄	2418	0x92AD	0x77B5C
1895	0xC4B0	캅	2419	0x92AE	0x77B7A
1896	0xC4B1	캇	2420	0x92AF	0x77B98
1897	0xC4B2	캉	2421	0x92B0	0x77BB6
1898	0xC4B3	캐	2422	0x92B1	0x77BD4
1899	0xC4B4	캑	2423	0x92B2	0x77BF2
1900	0xC4B5	캔	2424	0x92B3	0x77C10
1901	0xC4B6	캘	2425	0x92B4	0x77C2E
1902	0xC4B7	캠	2426	0x92B5	0x77C4C
1903	0xC4B8	캡	2427	0x92B6	0x77C6A
1904	0xC4B9	캣	2428	0x92B7	0x77C88
1905	0xC4BA	캤	2429	0x92B8	0x77CA6
1906	0xC4BB	캥	2430	0x92B9	0x77CC4
1907	0xC4BC	캬	2431	0x92BA	0x77CE2
1908	0xC4BD	캭	2432	0x92BB	0x77D00
1909	0xC4BE	컁	2433	0x92BC	0x77D1E
1910	0xC4BF	커	2434	0x92BD	0x77D3C
1911	0xC4C0	컥	2435	0x92BE	0x77D5A
1912	0xC4C1	컨	2436	0x92BF	0x77D78
1913	0xC4C2	컫	2437	0x92C0	0x77D96
1914	0xC4C3	컬	2438	0x92C1	0x77DB4
1915	0xC4C4	컴	2439	0x92C2	0x77DD2
1916	0xC4C5	컵	2440	0x92C3	0x77DF0
1917	0xC4C6	컷	2441	0x92C4	0x77E0E
1918	0xC4C7	컸	2442	0x92C5	0x77E2C
1919	0xC4C8	컹	2443	0x92C6	0x77E4A
1920	0xC4C9	케	2444	0x92C7	0x77E68
1921	0xC4CA	켁	2445	0x92C8	0x77E86
1922	0xC4CB	켄	2446	0x92C9	0x77EA4
1923	0xC4CC	켈	2447	0x92CA	0x77EC2
1924	0xC4CD	켐	2448	0x92CB	0x77EE0
1925	0xC4CE	켑	2449	0x92CC	0x77EFE
1926	0xC4CF	켓	2450	0x92CD	0x77F1C
1927	0xC4D0	켕	2451	0x92CE	0x77F3A
1928	0xC4D1	켜	2452	0x92CF	0x77F58
1929	0xC4D2	켠	2453	0x92D0	0x77F76
1930	0xC4D3	켤	2454	0x92D1	0x77F94
1931	0xC4D4	켬	2455	0x92D2	0x77FB2
1932	0xC4D5	켭	2456	0x92D3	0x77FD0
1933	0xC4D6	켯	2457	0x92D4	0x77FEE
1934	0xC4D7	켰	2458	0x92D5	0x7800C
1935	0xC4D8	켱	2459	0x92D6	0x7802A
1936	0xC4D9	켸	2460	0x92D7	0x78048
1937	0xC4DA	코	2461	0x92D8	0x78066
1938	0xC4DB	콕	2462	0x92D9	0x78084
1939	0xC4DC	콘	2463	0x92DA	0x780A2
1940	0xC4DD	콜	2464	0x92DB	0x780C0
1941	0xC4DE	콤	2465	0x92DC	0x780DE
1942	0xC4DF	콥	2466	0x92DD	0x780FC
1943	0xC4E0	콧	2467	0x92DE	0x7811A
1944	0xC4E1	콩	2468	0x92DF	0x78138
1945	0xC4E2	콰	2469	0x92E0	0x78156
1946	0xC4E3	콱	2470	0x92E1	0x78174
1947	0xC4E4	콴	2471	0x92E2	0x78192
1948	0xC4E5	콸	2472	0x92E3	0x781B0
1949	0xC4E6	쾀	2473	0x92E4	0x781CE
1950	0xC4E7	쾅	2474	0x92E5	0x781EC
1951	0xC4E8	쾌	2475	0x92E6	0x7820A
1952	0xC4E9	쾡	2476	0x92E7	0x78228
1953	0xC4EA	쾨	2477	0x92E8	0x78246
1954	0xC4EB	쾰	2478	0x92E9	0x78264
1955	0xC4EC	쿄	2479	0x92EA	0x78282
1956	0xC4ED	쿠	2480	0x92EB	0x782A0
1957	0xC4EE	쿡	2481	0x92EC	0x782BE
1958	0xC4EF	쿤	2482	0x92ED	0x782DC
1959	0xC4F0	쿨	2483	0x92EE	0x782FA
1960	0xC4F1	쿰	2484	0x92EF	0x78318
1961	0xC4F2	쿱	2485	0x92F0	0x78336
1962	0xC4F3	쿳	2486	0x92F1	0x78354
1963	0xC4F4	쿵	2487	0x92F2	0x78372
1964	0xC4F5	쿼	2488	0x92F3	0x78390
1965	0xC4F6	퀀	2489	0x92F4	0x783AE
1966	0xC4F7	퀄	2490	0x92F5	0x783CC
1967	0xC4F8	퀑	2491	0x92F6	0x783EA
1968	0xC4F9	퀘	2492	0x92F7	0x78408
1969	0xC4FA	퀭	2493	0x92F8	0x78426
1970	0xC4FB	퀴	2494	0x92F9	0x78444
1971	0xC4FC	퀵	2495	0x92FA	0x78462
1972	0xC4FD	퀸	2496	0x92FB	0x78480
1973	0xC4FE	퀼	2497	0x92FC	0x7849E
1974	0xC5A1	큄	2498	0x9340	0x784BC
1975	0xC5A2	큅	2499	0x9341	0x784DA
1976	0xC5A3	큇	2500	0x9342	0x784F8
1977	0xC5A4	큉	2501	0x9343	0x78516
1978	0xC5A5	큐	2502	0x9344	0x78534
1979	0xC5A6	큔	2503	0x9345	0x78552
1980	0xC5A7	큘	2504	0x9346	0x78570
1981	0xC5A8	큠	2505	0x9347	0x7858E
1982	0xC5A9	크	2506	0x9348	0x785AC
1983	0xC5AA	큭	2507	0x9349	0x785CA
1984	0xC5AB	큰	2508	0x934A	0x785E8
1985	0xC5AC	클	2509	0x934B	0x78606
1986	0xC5AD	큼	2510	0x934C	0x78624
1987	0xC5AE	큽	2511	0x934D	0x78642
1988	0xC5AF	킁	2512	0x934E	0x78660
1989	0xC5B0	키	2513	0x934F	0x7867E
1990	0xC5B1	킥	2514	0x9350	0x7869C
1991	0xC5B2	킨	2515	0x9351	0x786BA
1992	0xC5B3	킬	2516	0x9352	0x786D8
1993	0xC5B4	킴	2517	0x9353	0x786F6
1994	0xC5B5	킵	2518	0x9354	0x78714
1995	0xC5B6	킷	2519	0x9355	0x78732
1996	0xC5B7	킹	2520	0x9356	0x78750
1997	0xC5B8	타	2521	0x9357	0x7876E
1998	0xC5B9	탁	2522	0x9358	0x7878C
1999	0xC5BA	탄	2523	0x9359	0x787AA
2000	0xC5BB	탈	2524	0x935A	0x787C8
2001	0xC5BC	탉	2525	0x935B	0x787E6
2002	0xC5BD	탐	2526	0x935C	0x78804
2003	0xC5BE	탑	2527	0x935D	0x78822
2004	0xC5BF	탓	2528	0x935E	0x78840
2005	0xC5C0	탔	2529	0x935F	0x7885E
2006	0xC5C1	탕	2530	0x9360	0x7887C
2007	0xC5C2	태	2531	0x9361	0x7889A
2008	0xC5C3	택	2532	0x9362	0x788B8
2009	0xC5C4	탠	2533	0x9363	0x788D6
2010	0xC5C5	탤	2534	0x9364	0x788F4
2011	0xC5C6	탬	2535	0x9365	0x78912
2012	0xC5C7	탭	2536	0x9366	0x78930
2013	0xC5C8	탯	2537	0x9367	0x7894E
2014	0xC5C9	탰	2538	0x9368	0x7896C
2015	0xC5CA	탱	2539	0x9369	0x7898A
2016	0xC5CB	탸	2540	0x936A	0x789A8
2017	0xC5CC	턍	2541	0x936B	0x789C6
2018	0xC5CD	터	2542	0x936C	0x789E4
2019	0xC5CE	턱	2543	0x936D	0x78A02
2020	0xC5CF	턴	2544	0x936E	0x78A20
2021	0xC5D0	털	2545	0x936F	0x78A3E
2022	0xC5D1	턺	2546	0x9370	0x78A5C
2023	0xC5D2	텀	2547	0x9371	0x78A7A
2024	0xC5D3	텁	2548	0x9372	0x78A98
2025	0xC5D4	텃	2549	0x9373	0x78AB6
2026	0xC5D5	텄	2550	0x9374	0x78AD4
2027	0xC5D6	텅	2551	0x9375	0x78AF2
2028	0xC5D7	테	2552	0x9376	0x78B10
2029	0xC5D8	텍	2553	0x9377	0x78B2E
2030	0xC5D9	텐	2554	0x9378	0x78B4C
2031	0xC5DA	텔	2555	0x9379	0x78B6A
2032	0xC5DB	템	2556	0x937A	0x78B88
2033	0xC5DC	텝	2557	0x937B	0x78BA6
2034	0xC5DD	텟	2558	0x937C	0x78BC4
2035	0xC5DE	텡	2559	0x937D	0x78BE2
2036	0xC5DF	텨	2560	0x937E	0x78C00
2037	0xC5E0	텬	2561	0x9380	0x78C1E
2038	0xC5E1	텼	2562	0x9381	0x78C3C
2039	0xC5E2	톄	2563	0x9382	0x78C5A
2040	0xC5E3	톈	2564	0x9383	0x78C78
2041	0xC5E4	토	2565	0x9384	0x78C96
2042	0xC5E5	톡	2566	0x9385	0x78CB4
2043	0xC5E6	톤	2567	0x9386	0x78CD2
2044	0xC5E7	톨	2568	0x9387	0x78CF0
2045	0xC5E8	톰	2569	0x9388	0x78D0E
2046	0xC5E9	톱	2570	0x9389	0x78D2C
2047	0xC5EA	톳	2571	0x938A	0x78D4A
2048	0xC5EB	통	2572	0x938B	0x78D68
2049	0xC5EC	톺	2573	0x938C	0x78D86
2050	0xC5ED	톼	2574	0x938D	0x78DA4
2051	0xC5EE	퇀	2575	0x938E	0x78DC2
2052	0xC5EF	퇘	2576	0x938F	0x78DE0
2053	0xC5F0	퇴	2577	0x9390	0x78DFE
2054	0xC5F1	퇸	2578	0x9391	0x78E1C
2055	0xC5F2	툇	2579	0x9392	0x78E3A
2056	0xC5F3	툉	2580	0x9393	0x78E58
2057	0xC5F4	툐	2581	0x9394	0x78E76
2058	0xC5F5	투	2582	0x9395	0x78E94
2059	0xC5F6	툭	2583	0x9396	0x78EB2
2060	0xC5F7	툰	2584	0x9397	0x78ED0
2061	0xC5F8	툴	2585	0x9398	0x78EEE
2062	0xC5F9	툼	2586	0x9399	0x78F0C
2063	0xC5FA	툽	2587	0x939A	0x78F2A
2064	0xC5FB	툿	2588	0x939B	0x78F48
2065	0xC5FC	퉁	2589	0x939C	0x78F66
2066	0xC5FD	퉈	2590	0x939D	0x78F84
2067	0xC5FE	퉜	2591	0x939E	0x78FA2
2068	0xC6A1	퉤	2592	0x939F	0x78FC0
2069	0xC6A2	튀	2593	0x93A0	0x78FDE
2070	0xC6A3	튁	2594	0x93A1	0x78FFC
2071	0xC6A4	튄	2595	0x93A2	0x7901A
2072	0xC6A5	튈	2596	0x93A3	0x79038
2073	0xC6A6	튐	2597	0x93A4	0x79056
2074	0xC6A7	튑	2598	0x93A5	0x79074
2075	0xC6A8	튕	2599	0x93A6	0x79092
2076	0xC6A9	튜	2600	0x93A7	0x790B0
2077	0xC6AA	튠	2601	0x93A8	0x790CE
2078	0xC6AB	튤	2602	0x93A9	0x790EC
2079	0xC6AC	튬	2603	0x93AA	0x7910A
2080	0xC6AD	튱	2604	0x93AB	0x79128
2081	0xC6AE	트	2605	0x93AC	0x79146
2082	0xC6AF	특	2606	0x93AD	0x79164
2083	0xC6B0	튼	2607	0x93AE	0x79182
2084	0xC6B1	튿	2608	0x93AF	0x791A0
2085	0xC6B2	틀	2609	0x93B0	0x791BE
2086	0xC6B3	틂	2610	0x93B1	0x791DC
2087	0xC6B4	틈	2611	0x93B2	0x791FA
2088	0xC6B5	틉	2612	0x93B3	0x79218
2089	0xC6B6	틋	2613	0x93B4	0x79236
2090	0xC6B7	틔	2614	0x93B5	0x79254
2091	0xC6B8	틘	2615	0x93B6	0x79272
2092	0xC6B9	틜	2616	0x93B7	0x79290
2093	0xC6BA	틤	2617	0x93B8	0x792AE
2094	0xC6BB	틥	2618	0x93B9	0x792CC
2095	0xC6BC	티	2619	0x93BA	0x792EA
2096	0xC6BD	틱	2620	0x93BB	0x79308
2097	0xC6BE	틴	2621	0x93BC	0x79326
2098	0xC6BF	틸	2622	0x93BD	0x79344
2099	0xC6C0	팀	2623	0x93BE	0x79362
2100	0xC6C1	팁	2624	0x93BF	0x79380
2101	0xC6C2	팃	2625	0x93C0	0x7939E
2102	0xC6C3	팅	2626	0x93C1	0x793BC
2103	0xC6C4	파	2627	0x93C2	0x793DA
2104	0xC6C5	팍	2628	0x93C3	0x793F8
2105	0xC6C6	팎	2629	0x93C4	0x79416
2106	0xC6C7	판	2630	0x93C5	0x79434
2107	0xC6C8	팔	2631	0x93C6	0x79452
2108	0xC6C9	팖	2632	0x93C7	0x79470
2109	0xC6CA	팜	2633	0x93C8	0x7948E
2110	0xC6CB	팝	2634	0x93C9	0x794AC
2111	0xC6CC	팟	2635	0x93CA	0x794CA
2112	0xC6CD	팠	2636	0x93CB	0x794E8
2113	0xC6CE	팡	2637	0x93CC	0x79506
2114	0xC6CF	팥	2638	0x93CD	0x79524
2115	0xC6D0	패	2639	0x93CE	0x79542
2116	0xC6D1	팩	2640	0x93CF	0x79560
2117	0xC6D2	팬	2641	0x93D0	0x7957E
2118	0xC6D3	팰	2642	0x93D1	0x7959C
2119	0xC6D4	팸	2643	0x93D2	0x795BA
2120	0xC6D5	팹	2644	0x93D3	0x795D8
2121	0xC6D6	팻	2645	0x93D4	0x795F6
2122	0xC6D7	팼	2646	0x93D5	0x79614
2123	0xC6D8	팽	2647	0x93D6	0x79632
2124	0xC6D9	퍄	2648	0x93D7	0x79650
2125	0xC6DA	퍅	2649	0x93D8	0x7966E
2126	0xC6DB	퍼	2650	0x93D9	0x7968C
2127	0xC6DC	퍽	2651	0x93DA	0x796AA
2128	0xC6DD	펀	2652	0x93DB	0x796C8
2129	0xC6DE	펄	2653	0x93DC	0x796E6
2130	0xC6DF	펌	2654	0x93DD	0x79704
2131	0xC6E0	펍	2655	0x93DE	0x79722
2132	0xC6E1	펏	2656	0x93DF	0x79740
2133	0xC6E2	펐	2657	0x93E0	0x7975E
2134	0xC6E3	펑	2658	0x93E1	0x7977C
2135	0xC6E4	페	2659	0x93E2	0x7979A
2136	0xC6E5	펙	2660	0x93E3	0x797B8
2137	0xC6E6	펜	2661	0x93E4	0x797D6
2138	0xC6E7	펠	2662	0x93E5	0x797F4
2139	0xC6E8	펨	2663	0x93E6	0x79812
2140	0xC6E9	펩	2664	0x93E7	0x79830
2141	0xC6EA	펫	2665	0x93E8	0x7984E
2142	0xC6EB	펭	2666	0x93E9	0x7986C
2143	0xC6EC	펴	2667	0x93EA	0x7988A
2144	0xC6ED	편	2668	0x93EB	0x798A8
2145	0xC6EE	펼	2669	0x93EC	0x798C6
2146	0xC6EF	폄	2670	0x93ED	0x798E4
2147	0xC6F0	폅	2671	0x93EE	0x79902
2148	0xC6F1	폈	2672	0x93EF	0x79920
2149	0xC6F2	평	2673	0x93F0	0x7993E
2150	0xC6F3	폐	2674	0x93F1	0x7995C
2151	0xC6F4	폘	2675	0x93F2	0x7997A
2152	0xC6F5	폡	2676	0x93F3	0x79998
2153	0xC6F6	폣	2677	0x93F4	0x799B6
2154	0xC6F7	포	2678	0x93F5	0x799D4
2155	0xC6F8	폭	2679	0x93F6	0x799F2
2156	0xC6F9	폰	2680	0x93F7	0x79A10
2157	0xC6FA	폴	2681	0x93F8	0x79A2E
2158	0xC6FB	폼	2682	0x93F9	0x79A4C
2159	0xC6FC	폽	2683	0x93FA	0x79A6A
2160	0xC6FD	폿	2684	0x93FB	0x79A88
2161	0xC6FE	퐁	2685	0x93FC	0x79AA6
2162	0xC7A1	퐈	2686	0x9440	0x79AC4
2163	0xC7A2	퐝	2687	0x9441	0x79AE2
2164	0xC7A3	푀	2688	0x9442	0x79B00
2165	0xC7A4	푄	2689	0x9443	0x79B1E
2166	0xC7A5	표	2690	0x9444	0x79B3C
2167	0xC7A6	푠	2691	0x9445	0x79B5A
2168	0xC7A7	푤	2692	0x9446	0x79B78
2169	0xC7A8	푭	2693	0x9447	0x79B96
2170	0xC7A9	푯	2694	0x9448	0x79BB4
2171	0xC7AA	푸	2695	0x9449	0x79BD2
2172	0xC7AB	푹	2696	0x944A	0x79BF0
2173	0xC7AC	푼	2697	0x944B	0x79C0E
2174	0xC7AD	푿	2698	0x944C	0x79C2C
2175	0xC7AE	풀	2699	0x944D	0x79C4A
2176	0xC7AF	풂	2700	0x944E	0x79C68
2177	0xC7B0	품	2701	0x944F	0x79C86
2178	0xC7B1	풉	2702	0x9450	0x79CA4
2179	0xC7B2	풋	2703	0x9451	0x79CC2
2180	0xC7B3	풍	2704	0x9452	0x79CE0
2181	0xC7B4	풔	2705	0x9453	0x79CFE
2182	0xC7B5	풩	2706	0x9454	0x79D1C
2183	0xC7B6	퓌	2707	0x9455	0x79D3A
2184	0xC7B7	퓐	2708	0x9456	0x79D58
2185	0xC7B8	퓔	2709	0x9457	0x79D76
2186	0xC7B9	퓜	2710	0x9458	0x79D94
2187	0xC7BA	퓟	2711	0x9459	0x79DB2
2188	0xC7BB	퓨	2712	0x945A	0x79DD0
2189	0xC7BC	퓬	2713	0x945B	0x79DEE
2190	0xC7BD	퓰	2714	0x945C	0x79E0C
2191	0xC7BE	퓸	2715	0x945D	0x79E2A
2192	0xC7BF	퓻	2716	0x945E	0x79E48
2193	0xC7C0	퓽	2717	0x945F	0x79E66
2194	0xC7C1	프	2718	0x9460	0x79E84
2195	0xC7C2	픈	2719	0x9461	0x79EA2
2196	0xC7C3	플	2720	0x9462	0x79EC0
2197	0xC7C4	픔	2721	0x9463	0x79EDE
2198	0xC7C5	픕	2722	0x9464	0x79EFC
2199	0xC7C6	픗	2723	0x9465	0x79F1A
2200	0xC7C7	피	2724	0x9466	0x79F38
2201	0xC7C8	픽	2725	0x9467	0x79F56
2202	0xC7C9	핀	2726	0x9468	0x79F74
2203	0xC7CA	필	2727	0x9469	0x79F92
2204	0xC7CB	핌	2728	0x946A	0x79FB0
2205	0xC7CC	핍	2729	0x946B	0x79FCE
2206	0xC7CD	핏	2730	0x946C	0x79FEC
2207	0xC7CE	핑	2731	0x946D	0x7A00A
2208	0xC7CF	하	2732	0x946E	0x7A028
2209	0xC7D0	학	2733	0x946F	0x7A046
2210	0xC7D1	한	2734	0x9470	0x7A064
2211	0xC7D2	할	2735	0x9471	0x7A082
2212	0xC7D3	핥	2736	0x9472	0x7A0A0
2213	0xC7D4	함	2737	0x9473	0x7A0BE
2214	0xC7D5	합	2738	0x9474	0x7A0DC
2215	0xC7D6	핫	2739	0x9475	0x7A0FA
2216	0xC7D7	항	2740	0x9476	0x7A118
2217	0xC7D8	해	2741	0x9477	0x7A136
2218	0xC7D9	핵	2742	0x9478	0x7A154
2219	0xC7DA	핸	2743	0x9479	0x7A172
2220	0xC7DB	핼	2744	0x947A	0x7A190
2221	0xC7DC	햄	2745	0x947B	0x7A1AE
2222	0xC7DD	햅	2746	0x947C	0x7A1CC
2223	0xC7DE	햇	2747	0x947D	0x7A1EA
2224	0xC7DF	했	2748	0x947E	0x7A208
2225	0xC7E0	행	2749	0x9480	0x7A226
2226	0xC7E1	햐	2750	0x9481	0x7A244
2227	0xC7E2	향	2751	0x9482	0x7A262
2228	0xC7E3	허	2752	0x9483	0x7A280
2229	0xC7E4	헉	2753	0x9484	0x7A29E
2230	0xC7E5	헌	2754	0x9485	0x7A2BC
2231	0xC7E6	헐	2755	0x9486	0x7A2DA
2232	0xC7E7	헒	2756	0x9487	0x7A2F8
2233	0xC7E8	험	2757	0x9488	0x7A316
2234	0xC7E9	헙	2758	0x9489	0x7A334
2235	0xC7EA	헛	2759	0x948A	0x7A352
2236	0xC7EB	헝	2760	0x948B	0x7A370
2237	0xC7EC	헤	2761	0x948C	0x7A38E
2238	0xC7ED	헥	2762	0x948D	0x7A3AC
2239	0xC7EE	헨	2763	0x948E	0x7A3CA
2240	0xC7EF	헬	2764	0x948F	0x7A3E8
2241	0xC7F0	헴	2765	0x9490	0x7A406
2242	0xC7F1	헵	2766	0x9491	0x7A424
2243	0xC7F2	헷	2767	0x9492	0x7A442
2244	0xC7F3	헹	2768	0x9493	0x7A460
2245	0xC7F4	혀	2769	0x9494	0x7A47E
2246	0xC7F5	혁	2770	0x9495	0x7A49C
2247	0xC7F6	현	2771	0x9496	0x7A4BA
2248	0xC7F7	혈	2772	0x9497	0x7A4D8
2249	0xC7F8	혐	2773	0x9498	0x7A4F6
2250	0xC7F9	협	2774	0x9499	0x7A514
2251	0xC7FA	혓	2775	0x949A	0x7A532
2252	0xC7FB	혔	2776	0x949B	0x7A550
2253	0xC7FC	형	2777	0x949C	0x7A56E
2254	0xC7FD	혜	2778	0x949D	0x7A58C
2255	0xC7FE	혠	2779	0x949E	0x7A5AA
2256	0xC8A1	혤	2780	0x949F	0x7A5C8
2257	0xC8A2	혭	2781	0x94A0	0x7A5E6
2258	0xC8A3	호	2782	0x94A1	0x7A604
2259	0xC8A4	혹	2783	0x94A2	0x7A622
2260	0xC8A5	혼	2784	0x94A3	0x7A640
2261	0xC8A6	홀	2785	0x94A4	0x7A65E
2262	0xC8A7	홅	2786	0x94A5	0x7A67C
2263	0xC8A8	홈	2787	0x94A6	0x7A69A
2264	0xC8A9	홉	2788	0x94A7	0x7A6B8
2265	0xC8AA	홋	2789	0x94A8	0x7A6D6
2266	0xC8AB	홍	2790	0x94A9	0x7A6F4
2267	0xC8AC	홑	2791	0x94AA	0x7A712
2268	0xC8AD	화	2792	0x94AB	0x7A730
2269	0xC8AE	확	2793	0x94AC	0x7A74E
2270	0xC8AF	환	2794	0x94AD	0x7A76C
2271	0xC8B0	활	2795	0x94AE	0x7A78A
2272	0xC8B1	홧	2796	0x94AF	0x7A7A8
2273	0xC8B2	황	2797	0x94B0	0x7A7C6
2274	0xC8B3	홰	2798	0x94B1	0x7A7E4
2275	0xC8B4	홱	2799	0x94B2	0x7A802
2276	0xC8B5	홴	2800	0x94B3	0x7A820
2277	0xC8B6	횃	2801	0x94B4	0x7A83E
2278	0xC8B7	횅	2802	0x94B5	0x7A85C
2279	0xC8B8	회	2803	0x94B6	0x7A87A
2280	0xC8B9	획	2804	0x94B7	0x7A898
2281	0xC8BA	횐	2805	0x94B8	0x7A8B6
2282	0xC8BB	횔	2806	0x94B9	0x7A8D4
2283	0xC8BC	횝	2807	0x94BA	0x7A8F2
2284	0xC8BD	횟	2808	0x94BB	0x7A910
2285	0xC8BE	횡	2809	0x94BC	0x7A92E
2286	0xC8BF	효	2810	0x94BD	0x7A94C
2287	0xC8C0	횬	2811	0x94BE	0x7A96A
2288	0xC8C1	횰	2812	0x94BF	0x7A988
2289	0xC8C2	횹	2813	0x94C0	0x7A9A6
2290	0xC8C3	횻	2814	0x94C1	0x7A9C4
2291	0xC8C4	후	2815	0x94C2	0x7A9E2
2292	0xC8C5	훅	2816	0x94C3	0x7AA00
2293	0xC8C6	훈	2817	0x94C4	0x7AA1E
2294	0xC8C7	훌	2818	0x94C5	0x7AA3C
2295	0xC8C8	훑	2819	0x94C6	0x7AA5A
2296	0xC8C9	훔	2820	0x94C7	0x7AA78
2297	0xC8CA	훗	2821	0x94C8	0x7AA96
2298	0xC8CB	훙	2822	0x94C9	0x7AAB4
2299	0xC8CC	훠	2823	0x94CA	0x7AAD2
2300	0xC8CD	훤	2824	0x94CB	0x7AAF0
2301	0xC8CE	훨	2825	0x94CC	0x7AB0E
2302	0xC8CF	훰	2826	0x94CD	0x7AB2C
2303	0xC8D0	훵	2827	0x94CE	0x7AB4A
2304	0xC8D1	훼	2828	0x94CF	0x7AB68
2305	0xC8D2	훽	2829	0x94D0	0x7AB86
2306	0xC8D3	휀	2830	0x94D1	0x7ABA4
2307	0xC8D4	휄	2831	0x94D2	0x7ABC2
2308	0xC8D5	휑	2832	0x94D3	0x7ABE0
2309	0xC8D6	휘	2833	0x94D4	0x7ABFE
2310	0xC8D7	휙	2834	0x94D5	0x7AC1C
2311	0xC8D8	휜	2835	0x94D6	0x7AC3A
2312	0xC8D9	휠	2836	0x94D7	0x7AC58
2313	0xC8DA	휨	2837	0x94D8	0x7AC76
2314	0xC8DB	휩	2838	0x94D9	0x7AC94
2315	0xC8DC	휫	2839	0x94DA	0x7ACB2
2316	0xC8DD	휭	2840	0x94DB	0x7ACD0
2317	0xC8DE	휴	2841	0x94DC	0x7ACEE
2318	0xC8DF	휵	2842	0x94DD	0x7AD0C
2319	0xC8E0	휸	2843	0x94DE	0x7AD2A
2320	0xC8E1	휼	2844	0x94DF	0x7AD48
2321	0xC8E2	흄	2845	0x94E0	0x7AD66
2322	0xC8E3	흇	2846	0x94E1	0x7AD84
2323	0xC8E4	흉	2847	0x94E2	0x7ADA2
2324	0xC8E5	흐	2848	0x94E3	0x7ADC0
2325	0xC8E6	흑	2849	0x94E4	0x7ADDE
2326	0xC8E7	흔	2850	0x94E5	0x7ADFC
2327	0xC8E8	흖	2851	0x94E6	0x7AE1A
2328	0xC8E9	흗	2852	0x94E7	0x7AE38
2329	0xC8EA	흘	2853	0x94E8	0x7AE56
2330	0xC8EB	흙	2854	0x94E9	0x7AE74
2331	0xC8EC	흠	2855	0x94EA	0x7AE92
2332	0xC8ED	흡	2856	0x94EB	0x7AEB0
2333	0xC8EE	흣	2857	0x94EC	0x7AECE
2334	0xC8EF	흥	2858	0x94ED	0x7AEEC
2335	0xC8F0	흩	2859	0x94EE	0x7AF0A
2336	0xC8F1	희	2860	0x94EF	0x7AF28
2337	0xC8F2	흰	2861	0x94F0	0x7AF46
2338	0xC8F3	흴	2862	0x94F1	0x7AF64
2339	0xC8F4	흼	2863	0x94F2	0x7AF82
2340	0xC8F5	흽	2864	0x94F3	0x7AFA0
2341	0xC8F6	힁	2865	0x94F4	0x7AFBE
2342	0xC8F7	히	2866	0x94F5	0x7AFDC
2343	0xC8F8	힉	2867	0x94F6	0x7AFFA
2344	0xC8F9	힌	2868	0x94F7	0x7B018
2345	0xC8FA	힐	2869	0x94F8	0x7B036
2346	0xC8FB	힘	2870	0x94F9	0x7B054
2347	0xC8FC	힙	2871	0x94FA	0x7B072
2348	0xC8FD	힛	2872	0x94FB	0x7B090
2349	0xC8FE	힝	2873	0x94FC	0x7B0AE
